iteration,loss__0_15,loss__15_30,loss__30_45,loss__45_60,loss__60_,accuracy__0_15,accuracy__15_30,accuracy__30_45,accuracy__45_60,accuracy__60_
1,0.9831670371756244,0.9523828204256315,0.9218191326421158,0.871076894858804,0.9972255800350363,0.5654854765619196,0.5559022360894436,0.5319466111977812,0.6500479824521318,0.4405940594059406
2,0.9447657027604995,0.9099918337042543,0.8709360381772194,0.7704001068103002,0.9603555814882562,0.5110318698462224,0.5095163806552262,0.5263303865487953,0.6735365352099804,0.5717821782178217
3,0.9460568867608355,0.8802303856211414,0.8352376636822344,0.767867289212186,0.7619854873699174,0.5132233860783003,0.5046975212341827,0.5146125845033801,0.6726682813142623,0.5684818481848185
4,0.9205233472758556,0.8907399646434498,0.8176068144799,0.735501628988744,0.6606162326072673,0.5281182675878464,0.5496273184260704,0.5385682093950425,0.6760042041767582,0.608085808580858
5,0.9362314652738672,0.8941342293191565,0.8311601251954213,0.7788116594267781,0.7591687123229303,0.49401976079043164,0.5124978332466632,0.5191540994973132,0.6728510716080977,0.5915841584158416
6,0.9317642674070908,0.8902595515020446,0.8312106762258902,0.7692293357014423,0.729652410094658,0.525443874897853,0.5157912983185994,0.5392615704628185,0.6572225014851711,0.5882838283828383
7,0.9310082518730788,0.8831457979905208,0.8296904025472871,0.794781953886848,0.8669720217850847,0.5664140851348339,0.5360721095510487,0.5503206794938464,0.6770552483663117,0.6295379537953796
8,0.9271071493520486,0.8794924369643143,0.7824756083671252,0.7326922073210148,0.8374148871842171,0.5456132531015526,0.5240076269717455,0.5307678973825619,0.6697893341863547,0.6320132013201321
9,0.9196409960873577,0.8524881004075787,0.7669851852693877,0.7310752138120385,0.873250634769869,0.5506648837382067,0.5346853874154966,0.5374588316866008,0.6688296851437189,0.6328382838283828
10,0.9255840132253207,0.8695644149109506,0.7855726944675021,0.7352052046179608,0.8796918832670333,0.5160463561399599,0.5401629398509273,0.532154619518114,0.6474432207649774,0.6287128712871287
11,0.9096543352008021,0.8282757100664105,0.7714095700144309,0.7129500930781943,0.6540524057989151,0.5448703662432212,0.5363147859247703,0.5402669440110938,0.6591417995704428,0.6287128712871287
12,0.926039219098426,0.8677727888582591,0.7915283684079831,0.7346505541940993,0.7475892190280493,0.5185350271153704,0.5361414456578263,0.5538914889928931,0.6717543298450852,0.6435643564356436
13,0.909007634523815,0.8503412528319816,0.7646622465673009,0.7227937564791617,0.8451388678984767,0.5460589852165515,0.5565955971572196,0.550736696134512,0.673353744916145,0.6402640264026402
14,0.9134582763910724,0.8268116397820622,0.7427754264875187,0.6808156751510366,0.7569883249782541,0.5087289205853949,0.5335413416536662,0.5445657826313053,0.6676872458072476,0.6542904290429042
15,0.9435651687156218,0.845775353513058,0.7914853249559217,0.7465441959014463,0.8856230099895321,0.5120719114478864,0.5137805512220489,0.5279944531114578,0.6626148151533153,0.6344884488448845
16,0.9141204200336435,0.8338024604305465,0.7600291991206077,0.714759438666377,0.7363023519339651,0.5384443949186539,0.53111457791645,0.5420696827873115,0.6382123109262898,0.6336633663366337
17,0.9223525048871112,0.85719552909877,0.7787047090683512,0.7133936852060806,0.6353944800715947,0.5543793180298641,0.5398509273704282,0.5406136245449819,0.6419138143764566,0.6278877887788779
18,0.90634426196796,0.8577449825894041,0.7793321768310877,0.7298981761733496,0.9221786029616338,0.5458732635019686,0.5284104697521235,0.5350320679493846,0.6383494036466664,0.641914191419142
19,0.9091474960599153,0.8202309480982017,0.7419701011023603,0.6802071185729986,0.6512949122866754,0.5409702102369809,0.5138498873288265,0.5209221702201421,0.6313119773340036,0.6353135313531353
20,0.9205604761843653,0.8585861827360463,0.7713963996481037,0.7133829361284336,1.0201189248685414,0.5346928162840799,0.5323279597850581,0.5059455711561796,0.6289814010876023,0.6361386138613861
21,0.9069774843387123,0.825336301069849,0.7535892326123497,0.6757795487914854,0.9627958799533753,0.5060916722383181,0.5213381868608078,0.5173166926677067,0.654526344651099,0.6427392739273927
22,0.9119912426266339,0.855838912381415,0.7721735070165707,0.7033133856281617,0.9696665784627684,0.5459104078448852,0.546888542208355,0.5470965505286878,0.6488598455422017,0.6427392739273927
23,0.9316869534354487,0.8326196083289926,0.7617874427164554,0.6950709311563467,0.7130843198327972,0.5219894510066116,0.5074016293985093,0.5133298665279945,0.6346935977699584,0.6221122112211221
24,0.924588544465123,0.8646332461294118,0.7638040149613023,0.7019189863372601,1.1374606443649693,0.5219523066636951,0.5252903449471312,0.5447044548448604,0.6427363706987159,0.6683168316831684
25,0.9308367968342549,0.8646034436276039,0.8086155290173729,0.7163588569920748,0.7591838046027053,0.5391501374340688,0.5273010920436817,0.5482059282371294,0.6442443906228579,0.655940594059406
26,0.9308296057427269,0.8698453915065075,0.7726533958222647,0.7099501984120364,0.8121946436251738,0.5275611024440978,0.5282717975385682,0.5155832899982666,0.6427363706987159,0.6476897689768977
27,0.9258348108933769,0.8231093915536611,0.7766373595170007,0.7122510631282177,0.7994007616067758,0.5200579451749499,0.5103830819899463,0.5342693707748309,0.6420052095233743,0.6485148514851485
28,0.9212682610865788,0.8764351876329696,0.7646686164288038,0.719006581837347,0.8613842221954783,0.5016343510883292,0.5296238516207314,0.5288264863927891,0.6415025362153269,0.6501650165016502
29,0.8974168297348967,0.8453174137237109,0.7537999001188763,0.6716890924698544,0.7114889830095947,0.5285268553599287,0.5314265903969492,0.5241809672386896,0.6446556687839876,0.6485148514851485
30,0.9393635716256287,0.8805180454701877,0.8076765538595535,0.748501866921432,1.0358113069888297,0.4987742366837531,0.5311492459698388,0.5205408216328653,0.6498194945848376,0.6526402640264026
31,0.895151132694644,0.7999509089116167,0.7790494634847522,0.7055353246218196,0.7946356808635564,0.5350271153703291,0.4984226035708095,0.5166579996533195,0.6378924279120779,0.6353135313531353
32,0.9184874606983762,0.82090705078803,0.7594080622386874,0.7102910241520164,0.825105465554391,0.5243666889532724,0.5106257583636679,0.5367654706188247,0.6464835717223415,0.6163366336633663
33,0.9297204881811804,0.8368555489326314,0.7491509184800088,0.7290313978471821,1.0098929216571935,0.5198350791174504,0.5152712775177674,0.5360721095510487,0.6431476488598455,0.6353135313531353
34,0.8848335349932004,0.8595713303215613,0.7594583873373097,0.6761678099883125,0.6642626202817351,0.5458361191590521,0.5490726295718495,0.5448777951118045,0.6714801444043321,0.6336633663366337
35,0.9226213579214108,0.8372789631816537,0.7539279235437988,0.7282507650861513,0.910034135537636,0.5300497734195082,0.5228982492633039,0.5386375455018201,0.656354247589453,0.6493399339933993
36,0.9195401422895011,0.8801902151303926,0.781528160965026,0.708632198191067,0.9184590451012837,0.5471361711611321,0.5312185820766164,0.515513953891489,0.6599186583192432,0.6105610561056105
37,0.9309465070090196,0.8375029256064617,0.7505767141660148,0.6853703179220216,0.8025249540805385,0.5251467201545205,0.5226209048361935,0.5140232275957705,0.6603756340538317,0.599009900990099
38,0.8997081369999349,0.854356340712184,0.7791985861051707,0.7333569597859892,1.014304242569982,0.5509620384815392,0.5516727335760097,0.547408563009187,0.6512361193620618,0.6353135313531353
39,0.9240501244388075,0.8284532979597111,0.7834660958183062,0.7046501167638123,0.8219919538940855,0.5197607904316173,0.533055988906223,0.5235222742243023,0.6425078828314217,0.6377887788778878
40,0.9018586616142747,0.8161643226060892,0.7951668865232171,0.7048084485175727,0.6405919398007416,0.5430502934403091,0.5412376495059802,0.5405442884382042,0.6452497372389526,0.636963696369637
41,0.9183558985788204,0.8743037548639563,0.7762536628721716,0.6915124364940539,0.8467888043438409,0.5192779139737018,0.49918530074536316,0.5156526261050443,0.6487227528218251,0.6386138613861386
42,0.9268019551110516,0.837910641855819,0.7655301659331918,0.7029371195241337,0.8090416363970204,0.5343956615407474,0.5193967758710348,0.5217542035014734,0.662112141845268,0.6254125412541254
43,0.886509999698754,0.8254247882050497,0.7535462254637795,0.6737574531447222,0.7171356589462544,0.5408216328653146,0.5301785404749524,0.5211648465938638,0.6642599277978339,0.6031353135313532
44,0.9163792730988792,0.8418740032109336,0.7692729057333301,0.709748403778724,0.9834781873756117,0.5036030012629077,0.5320159473045588,0.5260877101750737,0.6565370378832884,0.6245874587458746
45,0.9234979419199043,0.8572087264680329,0.8037243391803044,0.7103870340274658,0.8615032401920958,0.5018200728029121,0.5005373548275265,0.5229329173166927,0.6641228350774574,0.6303630363036303
46,0.9223849473396031,0.8345552327639117,0.767610209393307,0.7140850091851781,1.0439419826786633,0.5086546318995617,0.5001906742936384,0.5300398682613972,0.6461636887081296,0.6534653465346535
47,0.9201212747739416,0.817672797855524,0.7555725073735303,0.7066196714900385,0.750400958230472,0.5479162023623803,0.516033974692321,0.5368348067256024,0.6536580907553808,0.6303630363036303
48,0.8959568059144708,0.8297532516998004,0.7426389357316271,0.6726192662234781,0.7833979508410052,0.5349156823415794,0.5270584156699601,0.5305252210088404,0.650596353333638,0.6270627062706271
49,0.8808373178956289,0.8119538178199609,0.7163099032297359,0.6675745179942281,0.6914374333462052,0.5322041453086694,0.556352920783498,0.5364534581383256,0.6449298542247407,0.6386138613861386
50,0.916703772411406,0.826188870108526,0.7443386053660932,0.6966331030926886,0.8683022042336132,0.5438674689844737,0.5349280637892182,0.5113537874848327,0.6266965224146598,0.6468646864686468
51,0.92590845788652,0.8517180111613442,0.7827662593939911,0.6938149363174415,0.8030499636730534,0.5460218408736349,0.5323279597850581,0.5331946611197781,0.6382580084997487,0.6485148514851485
52,0.905987583970697,0.822612296767957,0.7704228055308161,0.6907801832198907,0.7888430714180481,0.5431617264690588,0.5420350147339227,0.546715201941411,0.6621578394187269,0.6295379537953796
53,0.9077377566465168,0.8167989926419986,0.7436673538947128,0.6954564931501181,0.8543230555615496,0.5456503974444692,0.5288611544461779,0.5161379788524875,0.6446099712105288,0.636963696369637
54,0.9137982300052953,0.8533358987897405,0.7640126888849917,0.673074950834355,0.7257934493271244,0.533467052967833,0.5302132085283411,0.5255330213208529,0.6553032033998994,0.6435643564356436
55,0.9219645591753897,0.8235227978887087,0.7745243934096616,0.7024672926362577,0.7373859143648999,0.5386301166332368,0.5255330213208529,0.5194661119778125,0.6563085500159942,0.6221122112211221
56,0.8981885023519737,0.8104658267327798,0.7622307795320111,0.7030520742952391,0.9726029882174988,0.475856177104227,0.4831339920263477,0.5113191194314439,0.6390805648220079,0.6311881188118812
57,0.8925936454772163,0.8166415095447099,0.7504979729236539,0.666810859333065,0.755658942310662,0.5455018200728029,0.5390188940890969,0.5382561969145433,0.6610154000822557,0.6270627062706271
58,0.9349087628373886,0.8343947034554499,0.7931958285489089,0.7286388786224423,0.8119378535117975,0.5265953495282668,0.5180793898422603,0.515860634425377,0.665128181693552,0.6146864686468647
59,0.9030711103683486,0.8462395209744132,0.7782337118737656,0.7205319352059603,0.9336458814489292,0.534952826684496,0.5259143699081297,0.5296585196741203,0.6622949321391034,0.6270627062706271
60,0.723555556578533,0.704908923941197,0.8142388775694065,0.6940027984406092,0.5908796243819756,0.5473590372186316,0.5065002600104004,0.5660946437857515,0.6609697025087968,0.551980198019802
61,0.9034992445763032,0.7995048204163588,0.7119675328356297,0.6781263850207129,0.780547325826314,0.5158977787682936,0.509897729242503,0.5112497833246663,0.6698807293332724,0.6361386138613861
62,0.8779351362431549,0.7742377546055154,0.6986208541433622,0.6604869041703102,0.785563757673571,0.49550553450709456,0.5127058415669961,0.49918530074536316,0.6583192432481835,0.6427392739273927
63,0.9080118482925994,0.7909165958107263,0.7258340607712681,0.6912029353592116,0.7310698507230589,0.49925711314166854,0.5135032067949384,0.5107297625238343,0.6527898368596627,0.6311881188118812
64,0.8837309035324781,0.8005686916088427,0.7213060226444161,0.6548332468023013,0.7874921490343274,0.5533021320852834,0.5295545155139539,0.5366614664586583,0.6637572544897866,0.6221122112211221
65,0.8704389618435158,0.784635871777837,0.6811646536152479,0.6533210742299809,0.6147110660400945,0.5186836044870367,0.5216848673946958,0.5222048881955278,0.656674130603665,0.6328382838283828
66,0.8965756811558271,0.832967890769375,0.7547701743748924,0.6758375569191288,0.74130648185329,0.5571279994056905,0.527093083723349,0.537077483099324,0.6604213316272906,0.650990099009901
67,0.8802649057774943,0.8102271901785422,0.7223427456772872,0.6760739820824015,0.8380850389443105,0.5414530866948963,0.5247703241462992,0.5538568209395043,0.6599186583192432,0.6386138613861386
68,0.8758702668731627,0.7916066431840525,0.7257757370376673,0.6675997967822266,0.8595490187768795,0.525443874897853,0.5076789738256197,0.5162419830126539,0.6440616003290225,0.6270627062706271
69,0.9257098221126352,0.8319482303900324,0.7347307828175815,0.6801380007812728,0.7426644277958302,0.5259267513557685,0.5357600970705495,0.5476165713295198,0.6467120595896357,0.6179867986798679
70,0.9119176528606684,0.8136682216704999,0.7308333169456294,0.6780267381264911,0.625033940791069,0.5162692221974593,0.5243543075056336,0.5235569422776911,0.6444271809166934,0.6254125412541254
71,0.9022315482611803,0.8068194780341631,0.712070543893186,0.6692492517446802,0.8154899807336523,0.5411930762944803,0.5429363841220316,0.5243196394522448,0.6430562537129278,0.6188118811881188
72,0.881460141238448,0.8033450667306175,0.7086682509286646,0.6499487943549296,0.7866960604559591,0.54531609835822,0.5378748483272664,0.5265037268157393,0.6534753004615454,0.6155115511551155
73,0.8839127750846316,0.8245842269403937,0.7161271115165496,0.6598693777028574,0.8191145224591222,0.5230294926082758,0.499739989599584,0.5191194314439245,0.6517387926701093,0.641914191419142
74,0.889604920577948,0.7881503544085323,0.71222216279948,0.6633926603562247,0.830137780161993,0.49030532649877423,0.4732882648639279,0.5011267117351361,0.6502307727459672,0.6320132013201321
75,0.8981515886691247,0.8241601132788724,0.7252772453062172,0.6722476175705561,0.810298272844884,0.5536364311715326,0.5258450338013521,0.5381175247009881,0.6648082986793401,0.6452145214521452
76,0.9318872714248133,0.8391457638029786,0.7182101695705118,0.6681527544873357,0.8182882374079171,0.5070202808112324,0.51866874674987,0.5258103657479632,0.6573138966320888,0.6344884488448845
77,0.9160426913293634,0.7968711704390173,0.7228194971283078,0.6866056074803939,0.8480681409303827,0.5441646237278063,0.5323279597850581,0.5397122551568729,0.6571768039117123,0.6353135313531353
78,0.9144147117425531,0.8105516799681313,0.7469716486065343,0.6880188853225991,0.6571229357534041,0.5208008320332813,0.5323972958918357,0.5484832726642399,0.6622492345656446,0.6468646864686468
79,0.9091049126568653,0.8174783647976618,0.7165943679047599,0.6715497909395763,0.9544877377541987,0.523623802094941,0.5430403882821979,0.5266077309759057,0.6638486496367043,0.6245874587458746
80,0.9394870301187056,0.8513221531963995,0.7214243664754076,0.6758970607367774,0.7006978959659989,0.5041601664066563,0.5269544115097937,0.5126365054602184,0.6558972718548645,0.6163366336633663
81,0.9133951283576022,0.8267335754055086,0.7658835095888726,0.6950905344566357,0.7680857186486956,0.5041601664066563,0.5273357600970705,0.5266770670826834,0.6615637709637618,0.6501650165016502
82,0.919814219963758,0.8181963199009168,0.7589010467139832,0.6868176272775927,0.9161709018107398,0.5216180075774459,0.5395389148899289,0.5273357600970705,0.6434218343005986,0.6501650165016502
83,0.9030220728851862,0.8204201840180945,0.7250683445485675,0.6694361384025989,0.7676224128644071,0.5063888269816507,0.5304212168486739,0.5244583116657999,0.6659050404423525,0.6485148514851485
84,0.8984870078083327,0.8179363855142692,0.7325930244119253,0.6633035074151301,1.0065566261716665,0.5463189956169675,0.5363494539781591,0.5323279597850581,0.6548005300918521,0.6567656765676567
85,0.8966715134188946,0.8266356787083289,0.7591671938281077,0.7080833356784149,0.7834716647607052,0.5049773419508209,0.5127058415669961,0.49911596463858554,0.6447927615043642,0.6452145214521452
86,0.9229641123994375,0.8339921137018753,0.7224494894613764,0.6668502730168053,0.7851600878130088,0.53599286828616,0.522170220142139,0.5341306985612758,0.6540236713430517,0.6262376237623762
87,0.9093897403867356,0.7933185500427221,0.7119591530964432,0.6619267231647633,0.6313647654981421,0.5084317658420623,0.5122204888195527,0.5192581036574796,0.6537494859022985,0.6402640264026402
88,0.9254074156058145,0.8341457639062779,0.7568669647407152,0.6998439300776943,0.7907397023275485,0.5290097318178442,0.5089270237476166,0.5082336626798405,0.6529726271534981,0.6377887788778878
89,0.8860988311262298,0.838763046968521,0.7478544976162169,0.6626944297548655,0.7390671102571031,0.5226209048361935,0.5321892875715029,0.5263650546021841,0.6512361193620618,0.6394389438943895
90,0.9056002231752514,0.8457401361774769,0.7318838980134899,0.6683304566895056,0.7119681820922765,0.5096946735012258,0.534442711041775,0.5213381868608078,0.6476260110588128,0.6344884488448845
91,0.923010232577472,0.8387954802858213,0.7747094017905137,0.6863409163510918,0.6646405973731608,0.5208379763761979,0.5186340786964811,0.5189807592303692,0.655440296120276,0.6295379537953796
92,0.8991034174342137,0.8299421563499737,0.7150034958825886,0.6540720547405204,0.724238435746044,0.5318698462224203,0.5070549488646212,0.5261570462818512,0.6624777224329388,0.6097359735973598
93,0.8912410325679553,0.8311261197625299,0.7570161374135554,0.6832748639790427,0.7167966247974918,0.5101775499591412,0.5241462991853008,0.535136072109551,0.6716629346981675,0.6320132013201321
94,0.9653113773300641,0.84604434458211,0.7576578017631335,0.6778142175424684,0.8462060111441451,0.5310898150211723,0.5248743283064656,0.5261570462818512,0.6541150664899694,0.6493399339933993
95,0.8922270968508309,0.8241573282266962,0.7402973710122143,0.6594694841324823,0.7458034190860231,0.5467647277319664,0.5416536661466459,0.5287224822326226,0.675181647854499,0.6534653465346535
96,0.9237727286657204,0.853402342755163,0.7515517958132806,0.7163266457562647,0.910681510823408,0.5215065745486962,0.5248396602530768,0.524978332466632,0.6547091349449344,0.6386138613861386
97,0.8987143142862469,0.8324557247419344,0.7391173601694765,0.6805867815203707,0.8346613121168792,0.5275982467870144,0.5384988732882648,0.5118738082856648,0.6533839053146278,0.655940594059406
98,0.9058087460899457,0.8238181593497854,0.7391472961314619,0.6811645125529823,0.7483627164317042,0.4916796671866875,0.5169700121338187,0.5167620038134859,0.6544349495041814,0.6666666666666666
99,0.9103122763528444,0.8008325647281074,0.7200227196115886,0.6725215704099453,0.8815806084499243,0.539744446920734,0.5244583116657999,0.5353787484832727,0.666362016176941,0.6567656765676567
100,0.8991192685305329,0.833500489060838,0.7255917601740859,0.682359510731317,1.0578522316919263,0.5311641037070054,0.5373894955798232,0.5428323799618652,0.6607869122149613,0.6427392739273927
101,0.9028518235063692,0.8170016907851958,0.7329778620740068,0.6812637895254445,0.8123020965974929,0.5247381323824382,0.5208181660599758,0.5249436644132432,0.6634373714755747,0.6501650165016502
102,0.9145814045581484,0.8753214537089411,0.7526193923418522,0.6649255829119224,0.817507307651129,0.48421365426045615,0.502721442191021,0.49575316345987175,0.6548005300918521,0.6542904290429042
103,0.8923404188202433,0.8235388029109197,0.7616762587719034,0.6904355306292439,0.7454439344238798,0.5433845925265582,0.545848500606691,0.5533021320852834,0.6605127267742082,0.655940594059406
104,0.9055653796694547,0.8234243331975367,0.7728966594606719,0.6788028716906,0.8848546020849958,0.5252210088403536,0.5233489339573583,0.5421736869474779,0.658776218982772,0.6435643564356436
105,0.9060197335764627,0.8445643787035704,0.7653416821211176,0.6927066385820472,0.7612135870624724,0.49015674912710794,0.47595770497486567,0.48968625411683137,0.620253164556962,0.650990099009901
106,0.8855354146914066,0.7891927503578889,0.7275086331196383,0.6731112592960872,0.8425094152279002,0.5268182155857662,0.5133645345813832,0.5278557808979026,0.654252159210346,0.6402640264026402
107,0.9045852464017161,0.8455281848799905,0.7613490120031866,0.692929768844986,0.8243966320866237,0.5556793700319441,0.541792338360201,0.5438030854567516,0.6498194945848376,0.6452145214521452
108,0.9204223373570796,0.8578213740722664,0.7363706748416271,0.6545974453970989,0.7099144687980407,0.5162320778545427,0.5325706361587796,0.529173166926677,0.6545720422245579,0.6410891089108911
109,0.88200951873821,0.8084435280348639,0.7370503833389547,0.6555374366653672,0.7745129096233881,0.5271153703290988,0.5308719015427283,0.5260183740682961,0.6653566695608463,0.6526402640264026
110,0.9339257254599578,0.8476351538392869,0.7616972164828826,0.7021719979921253,0.9029728486238047,0.5021915162320778,0.5357947651239383,0.5234182700641359,0.6606955170680436,0.6353135313531353
111,0.9042338721214287,0.8295655805430433,0.7429984620536066,0.6869839925129462,0.9109797103256964,0.5188693262016195,0.5113537874848327,0.5172473565609291,0.6591874971439017,0.6460396039603961
112,0.8876926319428969,0.8440247942100857,0.7577269067755614,0.6630251510054186,0.736943759398953,0.5245152663249387,0.5150286011440458,0.5283411336453459,0.6753644381483344,0.6427392739273927
113,0.9156920723621403,0.8240637788442368,0.7527459974316734,0.695991154828815,0.660269040794231,0.5024886709754104,0.5227249089963598,0.5235916103310799,0.6546177397980167,0.6278877887788779
114,0.8825273803656757,0.8116910513791539,0.7311462262813442,0.6669759478410439,0.7293165820750515,0.5336899190253325,0.5368001386722135,0.5445657826313053,0.671800027418544,0.6336633663366337
115,0.8847807353750251,0.8525576508078843,0.7374565295985108,0.6545069497116262,0.6824094318249958,0.5401530346928163,0.5357600970705495,0.522343560409083,0.656034364575241,0.6344884488448845
116,0.8830922557764526,0.8520056216604338,0.7516403539032323,0.6795520703226675,0.692162168472537,0.5404130450932323,0.5349973998959958,0.5341306985612758,0.6525156514189097,0.5874587458745875
117,0.9481534870414619,0.8998699498067065,0.7434991682134449,0.6897191697966705,0.8087604093213129,0.5529678329990343,0.5459178367134685,0.5154446177847114,0.6626148151533153,0.6386138613861386
118,0.9253770299637113,0.8522567819405784,0.7509001381455888,0.676911922307091,0.7482146220323689,0.5010028972587475,0.5188767550702028,0.5114577916449992,0.6518758853904858,0.641914191419142
119,0.9170785988530794,0.8482603684986633,0.7702175233076378,0.7022369936686295,0.9896214184808225,0.5301612064482579,0.5239382908649679,0.5244236436124111,0.65726819905863,0.6311881188118812
120,0.9027255223543001,0.7818756194259598,0.7007023012398765,0.6582875479847365,0.835783558972131,0.5221380283782779,0.5244236436124111,0.5299705321546195,0.6612438879495499,0.6311881188118812
121,0.8661966452721886,0.7579119981794468,0.6831871480330377,0.6279399098388894,0.7044773470122194,0.5000371443429166,0.5171780204541515,0.4997746576529728,0.659690170451949,0.6452145214521452
122,0.8921258659116893,0.7720730085860027,0.6792959584979067,0.6536625454254184,0.6888070243932285,0.47593046579006015,0.5184260703761484,0.5225169006760271,0.671205958963579,0.6320132013201321
123,0.8865016148471554,0.7730957699842994,0.6857084850810868,0.6466675645448717,0.7161653539364992,0.5224351831216105,0.5126711735136072,0.5171086843473739,0.6613809806699265,0.6270627062706271
124,0.8684961810248748,0.7905326987225343,0.7011360104692631,0.6596343473082376,0.9739471096164287,0.5099175395587252,0.5399202634772058,0.5182527301092044,0.654846227665311,0.6245874587458746
125,0.8712737719767267,0.7593270839352179,0.6741352376218255,0.6298269431785969,0.6753111996255003,0.5477304806477974,0.540925637025481,0.535482752643439,0.6635287666224924,0.6361386138613861
126,0.9052491034611762,0.8067075334308926,0.6936823310177027,0.6477904029443724,0.7753877449321804,0.5366614664586583,0.5350667360027734,0.5287918183394003,0.6607869122149613,0.6328382838283828
127,0.8970868294957676,0.7873578529794775,0.7011130610172377,0.6413740569858237,0.7470003023559358,0.5277839685015973,0.5299358641012307,0.5188767550702028,0.6506420509070968,0.6295379537953796
128,0.8677175535561736,0.7654311782258039,0.6962928349368254,0.6387591002973015,0.6216493084880478,0.5222866057499442,0.5209915063269197,0.5169700121338187,0.6576794772197596,0.6443894389438944
129,0.8778564593841648,0.7917716911676597,0.6919630802310351,0.6389636079137008,0.7010023611930072,0.5138919842507986,0.5324319639452245,0.5100364014560582,0.6431019512863867,0.6386138613861386
130,0.911422013995795,0.7904446075077258,0.7073926711959121,0.6743850218592784,0.8051733567076401,0.5127033652774683,0.5160686427457098,0.5129831859941064,0.6353790613718412,0.6097359735973598
131,0.8967399034372511,0.8023285954835645,0.7124189536851078,0.6596667616429349,0.7362746347726666,0.4908996359854394,0.515860634425377,0.5097937250823367,0.6516930950966504,0.636963696369637
132,0.9054006885615097,0.82433257131572,0.7077059180325477,0.670657525325474,0.8815625948078819,0.49509694673501226,0.49031027907782976,0.49003293465071934,0.6521957684046977,0.6237623762376238
133,0.9196193067274481,0.8462839000305298,0.7191542314739265,0.6884653221968152,0.9405880588246589,0.47604189881880987,0.4905182873981626,0.4969665453284798,0.6409998629072796,0.608085808580858
134,0.8872530445547433,0.7732121969405648,0.6999415454961871,0.6405887300987131,0.7204887469134225,0.5081717554416463,0.5171780204541515,0.5150979372508233,0.6505506557601791,0.6320132013201321
135,0.9084360943451747,0.8172220159833443,0.7279166762645918,0.6597002217971071,0.7218029069377272,0.5201693782036996,0.5252210088403536,0.5045241809672387,0.6704747977882375,0.6377887788778878
136,0.8957664197301709,0.7895286698395434,0.7012376384844625,0.6329647084936482,0.6865844439876496,0.5267810712428497,0.5068122724908997,0.5011613797885248,0.668509802129507,0.6336633663366337
137,0.8927250529029995,0.7866047159483583,0.7352223174667032,0.6701923629929848,0.8123576002027403,0.5354357031424114,0.5265383948691281,0.5270237476165713,0.6638029520632455,0.6105610561056105
138,0.8922402677637334,0.8240336707120902,0.7062035921129044,0.6612109123182657,0.8670848684860956,0.551073471510289,0.5301438724215636,0.53111457791645,0.675775716309464,0.6155115511551155
139,0.8840360837065787,0.8053190873939304,0.6985244244926334,0.6421773468283916,0.7072904956289711,0.5535621424856995,0.5485526087710175,0.5439417576703068,0.6644884156651282,0.6072607260726073
140,0.906168463190737,0.80565232584091,0.7164062888996693,0.6396443974234232,0.662378735258461,0.5538964415719486,0.537077483099324,0.5146472525567689,0.6549833203856875,0.6155115511551155
141,0.9120237745192097,0.8375378360864701,0.7205292929645879,0.6737944734263066,0.8064649145610114,0.543236015154892,0.5446004506846941,0.5314959265037268,0.6710688662432025,0.6221122112211221
142,0.8904029507388421,0.7974743219537314,0.6845158274017792,0.6421191863216341,0.7613782572876187,0.5261867617561845,0.5177327093083723,0.5108684347373895,0.6580907553808892,0.6097359735973598
143,0.9344715557680564,0.8154147841752455,0.7176546578285659,0.6630971258697403,0.6344533362810896,0.5242552559245227,0.49318772750910034,0.4933610677760444,0.6584563359685601,0.6237623762376238
144,0.9094115794180474,0.8191646722634353,0.7158512542881122,0.6766215533599949,0.8304242757471739,0.521172275462447,0.5185647425897036,0.49471312185820765,0.6480829867934013,0.6303630363036303
145,0.8759657697064804,0.8012255951448086,0.7301432646106827,0.679655757478274,0.8749854573272489,0.5180150063145383,0.5166233315999307,0.5166926677067083,0.6469862450303889,0.6295379537953796
146,0.8993746067184865,0.8172158653978532,0.7237658143431017,0.6479754487811605,0.6687312936814028,0.4787162915088032,0.4765817299358641,0.4880568556075576,0.6434675318740575,0.6377887788778878
147,0.9160504069671074,0.8219675953783738,0.7283135731951887,0.6756261227102692,0.7483503228988215,0.5096575291583092,0.5341653666146646,0.5176287051482059,0.6569940136178769,0.6377887788778878
148,0.8892292699879238,0.8102657337885378,0.722856612473709,0.6462273387159393,0.6399856495181365,0.5374043533169898,0.5322932917316693,0.5357600970705495,0.6537951834757575,0.6146864686468647
149,0.9061599256248771,0.8433500862273808,0.7371058653513649,0.6771766771779089,0.7385179402495147,0.5400416016640666,0.5456058242329693,0.5267810712428497,0.6601471461865375,0.6204620462046204
150,0.8763688081943508,0.7718732998887312,0.6917100999067177,0.6337513435302593,0.6191695837242499,0.5239952455241067,0.537424163633212,0.5078176460391749,0.6660421331627291,0.6097359735973598
151,0.9182994267578688,0.8124676548274202,0.7266177345680254,0.6546960062462855,0.800722848500985,0.4836936334596241,0.5034841393655746,0.5055642225689028,0.6629346981675273,0.6278877887788779
152,0.9169783925093661,0.8302201212329553,0.7617897287091727,0.6942006537894565,0.7035493126935461,0.5241809672386896,0.5409949731322586,0.5222048881955278,0.6617922588310561,0.6188118811881188
153,0.9288231990709164,0.8007037077035867,0.7232000393852713,0.685908886040365,0.6399721489922708,0.5358442909144937,0.5427977119084764,0.5259837060149073,0.666362016176941,0.6056105610561056
154,0.9347869684767074,0.8310385599065004,0.7419344491068637,0.6712865399824454,0.794956734092645,0.5399673129782334,0.5320506153579476,0.5235222742243023,0.6580907553808892,0.6336633663366337
155,0.8858696099505906,0.8129254513178242,0.702336563314848,0.6524207232486566,0.6849025719895968,0.5280811232449298,0.5421043508407003,0.5270584156699601,0.6617008636841384,0.6237623762376238
156,0.9036556389098577,0.8552321583904178,0.7090043345860404,0.6518509358450959,0.8717491256050625,0.5249981427828542,0.5558328999826659,0.5264690587623505,0.6707489832289906,0.6278877887788779
157,0.9019599421017975,0.840541164481083,0.733776259754346,0.676066835155162,0.6719356976588063,0.5553822152886115,0.5644305772230889,0.5413763217195354,0.6633002787551981,0.6221122112211221
158,0.950648367556454,0.8210039128399582,0.7537593079428802,0.6857058093857387,0.8859098133331192,0.5251467201545205,0.5304905529554516,0.5168313399202634,0.6611524928026322,0.6212871287128713
159,0.9044022180003839,0.8053490009639255,0.7226169196238204,0.6641002890454413,0.6855850566366375,0.5293440309040933,0.5272317559369042,0.519362107817646,0.6707489832289906,0.6179867986798679
160,0.9411572314729437,0.8491058807382598,0.7452769903188022,0.6824723531050888,0.8830488053859846,0.5101032612733081,0.5318426070376149,0.5091003640145606,0.6695151487456016,0.6361386138613861
161,0.905239156800293,0.7903747044956362,0.7029721988375224,0.6402967947869688,0.5734512635571858,0.517606418542456,0.533922690240943,0.5196394522447565,0.6617922588310561,0.6493399339933993
162,0.9089270866022433,0.7986667839288449,0.7331917209989761,0.675595268854693,0.8402409666154718,0.5477304806477974,0.547408563009187,0.5306638932223956,0.6676872458072476,0.6155115511551155
163,0.8934601771735581,0.8201168810883088,0.7326601352117253,0.6495391726272486,0.8604512731073495,0.5086917762424783,0.5360374414976599,0.4920090136938811,0.6686468948498835,0.6245874587458746
164,0.908704181459048,0.8269400936596026,0.7198649426574726,0.6541935284116474,0.7587897532499239,0.5277468241586807,0.527266423990293,0.5199861327786445,0.6790202440250422,0.6287128712871287
165,0.9007482530524055,0.8303654472620923,0.7492422292132558,0.6690171870509837,0.9106608256897346,0.5230666369511924,0.5389842260357081,0.5137805512220489,0.6781519901293241,0.636963696369637
166,0.9105625701927874,0.8115976057401653,0.7217384660385349,0.6686515798505803,0.7951791194763644,0.520912265062031,0.4983879355174207,0.5063269197434564,0.6740849060914865,0.6386138613861386
167,0.8947499357702241,0.8047345317518599,0.7187017423779043,0.6476867966887434,0.8762550144653884,0.5491419656786272,0.5488646212515167,0.5294158433003987,0.6817620984325732,0.636963696369637
168,0.9231395106435571,0.8146771062269975,0.7507219450417876,0.671760385152318,0.7729806212743423,0.534952826684496,0.5101404056162246,0.5204368174726989,0.6656765525750583,0.6353135313531353
169,0.9256988130946893,0.8191904635098753,0.7436069884202295,0.6810138429832565,0.8504711385901398,0.529455463932843,0.5138845553822153,0.5274050962038481,0.6562628524425353,0.6328382838283828
170,0.9401170105184015,0.8238621951293217,0.7591573112104594,0.7048544591299226,0.9180721235639466,0.5232895030086918,0.5200208008320333,0.5213728549141966,0.6548919252387698,0.6287128712871287
171,0.9102789741551254,0.8391896535626309,0.7457965187788232,0.6711826657273716,0.8115837234386295,0.5305697942203402,0.5443231062575836,0.5481365921303519,0.6719371201389206,0.6410891089108911
172,0.879275639816567,0.8103561497350981,0.7230806555796409,0.6319336753011583,0.6892254188303093,0.5403016120644826,0.5461605130871902,0.5501820072802912,0.6629803957409861,0.6394389438943895
173,0.9254524932491409,0.8056007619495485,0.7546669407300276,0.6876417555873146,0.7640606957266712,0.5228437708936929,0.534962731842607,0.5221008840353614,0.6623863272860211,0.6105610561056105
174,0.8812832876906286,0.7990496137070582,0.7309166921986555,0.6675399888858994,0.7660409191213663,0.5316098358220043,0.5383255330213208,0.5267117351360721,0.6583192432481835,0.6278877887788779
175,0.9051279783585152,0.8383193326904413,0.7379514150710963,0.6598962310590788,0.7011736826373133,0.5355099918282445,0.5473392269024094,0.5334373374934998,0.6564456427363707,0.6155115511551155
176,0.9226878122304424,0.8154049820394805,0.7156395843715881,0.6455100734335172,0.6473433742156366,0.5111433028749721,0.5313572542901716,0.5210261743803085,0.6672302700726591,0.6295379537953796
177,0.8799423281324125,0.7653286056973999,0.6910701002958104,0.645794980288855,0.7178160366542041,0.5040858777208231,0.5224822326226383,0.5102444097763911,0.672119910432756,0.6278877887788779
178,0.895557057362348,0.8217070542164352,0.7449703915984259,0.6608928086953816,0.8552086388138319,0.5300126290765916,0.5289304905529555,0.5338186860807765,0.6701549147740254,0.6212871287128713
179,0.8941425233747811,0.8015585046721567,0.7210955542767865,0.6849057140736162,0.767045054615016,0.523623802094941,0.502201421390189,0.5250130005200208,0.6752273454279578,0.6245874587458746
180,0.8757769071848013,0.7660107324292131,0.6885865293604615,0.6621411566623373,0.7389964035270037,0.5028601144045762,0.536557462298492,0.5224822326226383,0.6680528263949185,0.6295379537953796
181,0.9041503246794677,0.7748571090629527,0.6906829491433016,0.6479577869700577,0.8968109646435641,0.5089146422999777,0.5127751776737736,0.5122204888195527,0.6714344468308733,0.6204620462046204
182,0.8792296878421998,0.7672576763423341,0.6824711443765451,0.6452137572048294,0.7045737266023042,0.45795260381843844,0.5136418790084937,0.5199167966718669,0.670337705067861,0.6072607260726073
183,0.9194747065355705,0.7949739962638197,0.7013019204019851,0.6587877605232075,0.8077029377999947,0.5088774979570612,0.5333680013867221,0.5172126885075403,0.6649453913997166,0.6146864686468647
184,0.897141597183517,0.7690374735903528,0.6932249605170122,0.6642089937205544,0.7554817533163303,0.539744446920734,0.537597503900156,0.5169700121338187,0.6693323584517662,0.6196369636963697
185,0.8828321534375355,0.7721205168599479,0.6695751389409125,0.6281850472561494,0.6940052966485407,0.5316841245078374,0.5453284798058589,0.5091697001213382,0.6677329433807064,0.6270627062706271
186,0.8885194533729881,0.7951593402440676,0.6830666135307659,0.6518567022548143,0.937073967170061,0.49680558650917467,0.5301092043681748,0.5204021494193101,0.6616094685372207,0.6287128712871287
187,0.8730965464112417,0.7661138356437425,0.6909599996037936,0.6314936396444933,0.6250910033368305,0.5406359111507317,0.5491419656786272,0.5288958224995667,0.6559429694283233,0.6361386138613861
188,0.899557105877838,0.7836773664578854,0.6855796331774322,0.638232622028947,0.716827949686471,0.5146348711091301,0.5240076269717455,0.5084070029467845,0.6701549147740254,0.6278877887788779
189,0.9094823044327219,0.777641446561076,0.6910554263203709,0.6493608047069411,0.7015979591359356,0.5036030012629077,0.5132951984746057,0.49741723002253424,0.6499565873052141,0.6344884488448845
190,0.907629030035427,0.8191034171942307,0.7153484919462546,0.6626110157887918,0.8767914294131793,0.5446846445286383,0.5277171086843474,0.5178713815219276,0.6618836539779738,0.6278877887788779
191,0.8857465920705457,0.7694804863701582,0.6704795389514223,0.6537015522409803,0.821261855478703,0.5113661689324716,0.5245969838793552,0.511839140232276,0.6654023671343051,0.6460396039603961
192,0.8878701350057616,0.7797326083426315,0.6839005434493924,0.63106329302386,0.6629897770517182,0.5069459921253993,0.5325013000520021,0.5115271277517768,0.6509619339213087,0.641914191419142
193,0.9041559371110961,0.7710764654358112,0.6919922705499738,0.6594643694853929,0.7568224829945649,0.5219894510066116,0.5278904489512913,0.5183914023227596,0.6620664442718092,0.6377887788778878
194,0.8745516505664557,0.7722240532571168,0.6786664234558573,0.6439910141538854,0.7147829075754334,0.5334299086249165,0.5255676893742416,0.5044548448604611,0.6612438879495499,0.6353135313531353
195,0.9141170250317484,0.8211119668474145,0.7114195262645506,0.6742903037274988,0.8164607689316588,0.5146720154520467,0.5185994106430923,0.5089616918010054,0.648174381940319,0.6377887788778878
196,0.8894380603629536,0.7955108822559342,0.711825558799593,0.6610510326363208,0.6668183054439644,0.5367357551444915,0.5369388108857688,0.5236262783844687,0.6656765525750583,0.6188118811881188
197,0.9251999141761247,0.7959546080324372,0.6843496038296484,0.6334448222963704,0.6482329063729032,0.5434588812123914,0.5312532501300052,0.5209568382735309,0.6707946808024494,0.5825082508250825
198,0.9270242458298792,0.8122786153036248,0.695968895746311,0.6316098762994035,0.6327169755833002,0.5515192036252878,0.518842087016814,0.5117698041254983,0.6647169035324224,0.5363036303630363
199,0.8985170813102967,0.7707531933740756,0.6935204875216101,0.651484115857265,0.6220076683420181,0.5327613104524181,0.5025134338706881,0.5150632691974346,0.6605127267742082,0.5445544554455446
200,0.8835021356919572,0.7925338001891944,0.7027982003340862,0.6481357452063073,0.6420961764895248,0.5119604784191367,0.5157912983185994,0.5136072109551049,0.662706210300233,0.5024752475247525
201,0.888923784569867,0.8055903153121668,0.698178858557385,0.6423707152778371,0.5915069303691025,0.5123319218483025,0.5400936037441497,0.5291384988732882,0.6678700361010831,0.5701320132013201
202,0.9193654487435577,0.774359282123575,0.6792808228199242,0.6384697926440202,0.5990463552668506,0.5295668969615928,0.4998093257063616,0.5080256543595078,0.6744504866791573,0.5602310231023102
203,0.8878828125198374,0.7803692875842116,0.6795917317394291,0.6233963256284211,0.7287201457826189,0.5197236460887007,0.5318079389842261,0.5089270237476166,0.6686925924233423,0.570957095709571
204,0.901735405970001,0.799685209557685,0.7117214437501321,0.647691499251911,0.6486938601579135,0.5414902310378129,0.5366961345120471,0.5292078349800658,0.6696065438925193,0.5808580858085809
205,0.896464095459059,0.7884642840525905,0.7004403910314473,0.6477256133115218,0.6494180817189675,0.5329098878240844,0.5338533541341653,0.5189114231235916,0.6707489832289906,0.5874587458745875
206,0.900243774930355,0.7715382594464577,0.6967928072236874,0.6401583818342034,0.6042433616396652,0.5114404576183047,0.5238689547581903,0.5278557808979026,0.6686925924233423,0.6245874587458746
207,0.8743388964454678,0.7525043861822561,0.6614569970190369,0.6020294196576633,0.5747730102497189,0.49268256444543496,0.5027561102444098,0.5011267117351361,0.6537494859022985,0.6526402640264026
208,0.9114822502060453,0.7992688121432324,0.7029398366443791,0.6526353129917869,0.6441996906169722,0.517866428942872,0.5266077309759057,0.5066736002773444,0.6619293515514326,0.6113861386138614
209,0.9155273193242102,0.8004601852868455,0.705777011991701,0.6574971658502301,0.6416898014600148,0.525183864497437,0.5095857167620038,0.5192234356040908,0.6702463099209433,0.5651815181518152
210,0.9082961300093023,0.8053478558338599,0.7063529182810526,0.6595464990805526,0.6250263026491892,0.503491568234158,0.5003293465071936,0.5201248049921997,0.6698807293332724,0.5420792079207921
211,0.9004584146169475,0.8290222356639156,0.7156398429738926,0.6645880013016071,0.6471954979987485,0.5268553599286828,0.5023400936037441,0.5048708615011267,0.6605127267742082,0.49257425742574257
212,0.8774874715317189,0.7892406937863705,0.7041345315466333,0.656633975399308,0.6106672483092531,0.5232895030086918,0.5205061535794765,0.5353094123764951,0.666956084631906,0.5239273927392739
213,0.9196615985625045,0.7877010371427775,0.6937208553157596,0.647667837322781,0.6523631943148999,0.5265582051853502,0.49648119258103657,0.5254290171606865,0.6579536626605127,0.5247524752475248
214,0.8976792136565749,0.8143464202223601,0.7054111293288036,0.6342923582728602,0.6976957903659106,0.5257410296411856,0.5294158433003987,0.521650199341307,0.6568569208975004,0.5272277227722773
215,0.9013636174132263,0.8165220091623401,0.7335706478855173,0.6721051539912454,0.6447861282533226,0.5003714434291657,0.5201248049921997,0.5111457791644999,0.6617465612575972,0.518976897689769
216,0.8803426980452074,0.7928146448994169,0.6881056499441426,0.6311240940071093,0.66796029293476,0.5459104078448852,0.5372854914196568,0.5342693707748309,0.6619750491248915,0.5528052805280528
217,0.8753530009421754,0.7837088553386715,0.6831879313178313,0.6323732329874686,0.6595214416781039,0.5436446029269743,0.5446351187380829,0.525151672733576,0.6764611799113467,0.5264026402640264
218,0.9060458954887478,0.8130654504815138,0.7213130636023614,0.6772899400602621,0.630546754770334,0.523883812495357,0.53111457791645,0.5061189114231236,0.6699721244801901,0.5462046204620462
219,0.8947510488291236,0.8090944392304291,0.70636698714338,0.6350801227590843,0.6577184586578669,0.528415422331179,0.5220315479285839,0.5236262783844687,0.6688296851437189,0.5693069306930693
220,0.9170452083134699,0.8036746389796057,0.7107462807085564,0.653960644063616,0.6201514665383407,0.553079266027784,0.5280637892182354,0.5216155312879182,0.6708860759493671,0.5643564356435643
221,0.9230306291529451,0.8245310976333651,0.7507956770336264,0.6677345637890899,0.7669472353381366,0.5572765767773568,0.5485526087710175,0.51780204541515,0.6618836539779738,0.5602310231023102
222,0.9054521169120873,0.8122448750745894,0.7203978734996541,0.6615785608871246,0.6428077309365033,0.5476190476190477,0.5243196394522448,0.5217195354480846,0.6566284330302061,0.594059405940594
223,0.8913843947001503,0.8170808452069498,0.7013679570011917,0.6317883145437231,0.6762005023517526,0.5495505534507095,0.535136072109551,0.5368348067256024,0.6707489832289906,0.6229372937293729
224,0.8817615082328968,0.7816596552135551,0.6785894575133722,0.6225023871335938,0.6413785699478393,0.5526706782557017,0.5280637892182354,0.5326053042121685,0.6596444728784902,0.5643564356435643
225,0.8776517094885323,0.8036549881977854,0.7121461961805685,0.6502084839465604,0.611466022415241,0.5132976747641335,0.5343733749349974,0.529173166926677,0.6549833203856875,0.5948844884488449
226,0.8951638721979907,0.8579782554958642,0.7446572670840519,0.6754704431567555,0.6789480799677161,0.5427159943540599,0.5534061362454498,0.5392615704628185,0.6585477311154778,0.5297029702970297
227,0.918397440236595,0.8248698155708796,0.713688313455864,0.6701265503535713,0.6646140909759697,0.5368843325161577,0.5206448257930317,0.5223088923556942,0.6509162363478499,0.5412541254125413
228,0.8987589690790828,0.8165271299740797,0.7372136126994664,0.6714169473381655,0.607901206464052,0.5452046653294703,0.5299358641012307,0.517975385682094,0.6534296028880866,0.5948844884488449
229,0.9158446231679662,0.8482310797856124,0.7233371198423044,0.6560991151933423,0.668419744178422,0.5540821632865315,0.5375628358467672,0.5238342867048015,0.648174381940319,0.5874587458745875
230,0.8786943321721419,0.7879606583413824,0.6981905599088543,0.6331685657379914,0.6480851372513051,0.5066859817249832,0.5151672733576009,0.5034841393655746,0.6565827354567473,0.58003300330033
231,0.8646627530589118,0.8212367582223776,0.7115646539252398,0.6474059104190895,0.7220934812627798,0.5403016120644826,0.5469925463685215,0.5295198474605651,0.6605584243476671,0.5445544554455446
232,0.9270208350574521,0.8197780868677415,0.6987444889134901,0.6484950271653425,0.6435281224741563,0.5540821632865315,0.5453284798058589,0.5250130005200208,0.6628890005940684,0.5808580858085809
233,0.9042052115959625,0.7931854934067073,0.7176723502105752,0.6601343132228112,0.6047911458524428,0.5255924522695193,0.5065002600104004,0.5174900329346507,0.6451126445185761,0.5915841584158416
234,0.9038642661963987,0.8011610259470294,0.6818544648757002,0.6270940152590534,0.6289367944379206,0.5299754847336751,0.4953371468192061,0.52619171433524,0.6722570031531325,0.6014851485148515
235,0.8871788096801299,0.8199418636980842,0.7292554425550462,0.6640658220290784,0.6304863298797271,0.5164177995691256,0.5037268157392962,0.5313225862367829,0.668189919115295,0.5750825082508251
236,0.8695205795814074,0.8122483992790192,0.6836220332955825,0.6194556493024701,0.701040246567924,0.5333184755961667,0.537424163633212,0.5508060322412897,0.6667275967646118,0.6402640264026402
237,0.8927877714171706,0.7891340087976378,0.7296495698858101,0.6736841400540644,0.6702571736015489,0.5191664809449521,0.530941237649506,0.5390535621424857,0.6693323584517662,0.5808580858085809
238,0.8622452280286984,0.7438854732530649,0.6549623520887615,0.6141300704504463,0.647957469311349,0.5208008320332813,0.5015773964291905,0.5457444964465246,0.6701092172005666,0.5627062706270627
239,0.8705604757682174,0.7571911556145653,0.6582312262186095,0.6279932910571768,0.5830446513100378,0.5404873337790654,0.5219622118218062,0.53690414283238,0.6682356166887539,0.6056105610561056
240,0.9028954296338475,0.7826345780063471,0.6819061348758153,0.6505998325717581,0.6296791324548006,0.5205779659757819,0.5250476685734096,0.5377361761137112,0.6691952657313897,0.570957095709571
241,0.8784914838726257,0.7589805883832637,0.6738947983849976,0.6424655448239681,0.6060336479905207,0.4953198127925117,0.5177673773617611,0.5366961345120471,0.6599186583192432,0.5866336633663366
242,0.882204056372952,0.759910256436777,0.6778090665480835,0.6335993150156983,0.5989373694094965,0.5302354951340911,0.5217195354480846,0.5240422950251343,0.6549833203856875,0.58003300330033
243,0.8928740336511339,0.7649154682950825,0.6779017736957503,0.6454649032662947,0.591659760362071,0.5244409776391056,0.5266423990292946,0.5266770670826834,0.6623406297125622,0.5635313531353136
244,0.8482232385324464,0.7414733302825337,0.6511589248448052,0.6142693695107567,0.5861881611462728,0.5308669489636728,0.5194661119778125,0.5271277517767378,0.6690581730110131,0.5816831683168316
245,0.8678177875004909,0.7478812038920396,0.6499219253051193,0.6077032179548274,0.5962875325082939,0.49309115221751726,0.5022707574969666,0.5224822326226383,0.6632088836082805,0.6229372937293729
246,0.8949730399263274,0.7892271700394519,0.6924279352980819,0.6682058563290849,0.6271476400606708,0.5260010400416016,0.5141618998093257,0.5332293291731669,0.6574052917790065,0.5470297029702971
247,0.8837964343458673,0.7621093572566997,0.6701292664783964,0.6331961973126715,0.6142107936972038,0.5277096798157641,0.5101750736696135,0.5264690587623505,0.6571768039117123,0.5957095709570958
248,0.8762753587656845,0.7548841788559076,0.6894622468008877,0.6484103037440684,0.6223147110498636,0.5272268033578486,0.5127058415669961,0.5244929797191887,0.6549833203856875,0.5099009900990099
249,0.9036413626460105,0.7682461381720292,0.6609412308921953,0.6162002249433314,0.6103970598616792,0.5293068865611767,0.5265730629225169,0.5370081469925464,0.6602385413334552,0.5470297029702971
250,0.8739683189951581,0.7789952678061697,0.6830539433044311,0.6395483621406612,0.5918484113536328,0.5323898670232523,0.5212688507540302,0.5426590396949211,0.6728510716080977,0.5585808580858086
251,0.893916152644017,0.753307940644826,0.6723721043294095,0.6371251874411012,0.6591458869043092,0.5111061585320555,0.5258797018547409,0.5272317559369042,0.6795229173330896,0.5264026402640264
252,0.9086571382494839,0.8006247580938082,0.672330112579811,0.6357854321838857,0.6286514007987911,0.5295668969615928,0.5226555728895822,0.516033974692321,0.6817620984325732,0.5363036303630363
253,0.8835784858796307,0.7671916442754023,0.6743349716631707,0.6322615387611642,0.6094897862872093,0.5141148503082981,0.5227595770497486,0.5293811752470099,0.6661335283096468,0.5792079207920792
254,0.8910474821261771,0.780220299491538,0.6730962541124335,0.637629464192846,0.6497031683223601,0.5073545798974816,0.5144392442364362,0.5239036228115791,0.663026093314445,0.584983498349835
255,0.8677323191055766,0.7811799317824386,0.675168270315443,0.6284488310221092,0.6056494981481384,0.5054230740658198,0.5315652626105044,0.5210261743803085,0.6582735456747246,0.5635313531353136
256,0.8574197506653559,0.7735826609883828,0.6707420993839339,0.635051637454818,0.6106809368902517,0.5305697942203402,0.523764950598024,0.5173166926677067,0.6607412146415025,0.5833333333333334
257,0.9146525617686075,0.8031423479537644,0.6908227616290986,0.647857754967597,0.6366176008343652,0.5403016120644826,0.5209221702201421,0.5225862367828047,0.6558972718548645,0.5932343234323433
258,0.8753696117128485,0.7624225224008977,0.6790011049266792,0.6442351797208515,0.6384529883983747,0.5080974667558131,0.5050788698214596,0.5290344947131218,0.6653566695608463,0.5841584158415841
259,0.8952394079263575,0.7719159068496678,0.6635699077828676,0.6353501473397309,0.6057983549914848,0.49513409107792883,0.5061189114231236,0.5226555728895822,0.6715715395512498,0.5734323432343235
260,0.8908985545882603,0.7954600050963305,0.7011185830085701,0.6402802172557683,0.5915873068734347,0.5454646757298863,0.5206448257930317,0.5307332293291732,0.6767810629255586,0.5354785478547854
261,0.9129795551860511,0.7610202786214503,0.6567130078199995,0.6199763379990711,0.6346143725038031,0.5242552559245227,0.4826486392789045,0.5217542035014734,0.6743133939587808,0.5627062706270627
262,0.898433040058778,0.7704812041959769,0.6833936299397547,0.6403473839626814,0.6439578441602203,0.5406359111507317,0.5236609464378575,0.5351707401629399,0.666362016176941,0.5693069306930693
263,0.9058916016896944,0.7984943918434357,0.7034980779461846,0.6601461681137795,0.6101929646024326,0.552373523512369,0.5214075229675854,0.5293118391402323,0.6612438879495499,0.5602310231023102
264,0.9389950519001887,0.817206899205123,0.6974707002414441,0.6607120106678914,0.6094873216841165,0.5369957655449075,0.4956491592997053,0.5144045761830474,0.6657222501485172,0.5511551155115512
265,0.9104591140622185,0.7791313221652901,0.6995563620803831,0.658146109418145,0.5866291957683647,0.5323527226803357,0.5047668573409603,0.5167273357600971,0.6737650230772746,0.570957095709571
266,0.906660916509081,0.8130774125215074,0.6986996214970057,0.6634258630076869,0.6191052511938537,0.5365871777728252,0.5248743283064656,0.5286878141792338,0.6703834026413198,0.5313531353135313
267,0.9054963313323314,0.8027271090535893,0.6834658567705656,0.6404701262398107,0.6824042509646713,0.5194264913453681,0.5149245969838794,0.5259490379615185,0.6665448064707764,0.5470297029702971
268,0.9116611684287933,0.7883851224456224,0.6970653851250335,0.6590613012334035,0.6080511284287784,0.5287125770745116,0.5272317559369042,0.5275091003640145,0.6637115569163278,0.5792079207920792
269,0.9172020448258706,0.7931672372394939,0.6824321129910684,0.627964986845142,0.5895195873250368,0.5320927122799197,0.521823539608251,0.5309759057028948,0.6676872458072476,0.5907590759075908
270,0.8965955486403336,0.7933296042722886,0.6820177571894659,0.634345313393131,0.6299524561246659,0.5571279994056905,0.5388108857687641,0.5342347027214422,0.6743133939587808,0.5858085808580858
271,0.9071405474681958,0.8004913187643112,0.707069833125388,0.6514567104983608,0.596876184159857,0.5307926602778397,0.5168660079736522,0.5327093083723349,0.6599643558927021,0.6262376237623762
272,0.9074106733730279,0.8153071932146264,0.702599245103766,0.6606532068340004,0.5964703806518274,0.5524849565411187,0.5284104697521235,0.5317732709308373,0.6702920074944021,0.6155115511551155
273,0.9052201898737646,0.7900120039970532,0.679333851928124,0.6433185549181856,0.6242831008231727,0.5262239060991011,0.5048708615011267,0.5145779164499913,0.659096101996984,0.6064356435643564
274,0.8738024032468852,0.7868437561891941,0.6749800535481401,0.6213322421496394,0.5862470061686524,0.5285639997028453,0.5305598890622292,0.5154099497313226,0.6619293515514326,0.5841584158415841
275,0.9107112620961855,0.7908170558309255,0.6931863596842518,0.6476727334169534,0.6376428979506649,0.5176807072282892,0.5260183740682961,0.5226209048361935,0.6547091349449344,0.5486798679867987
276,0.8722088219882762,0.7863980166741272,0.6746051015101453,0.6225387265506852,0.6136194508792268,0.5024886709754104,0.5157219622118218,0.5270237476165713,0.6615637709637618,0.566006600660066
277,0.8673278655766519,0.7756242326142788,0.6875780258101565,0.6432251617658366,0.6215547501250437,0.5374786420028229,0.5347893915756631,0.5418963425203674,0.6641685326509162,0.5346534653465347
278,0.875041906092285,0.8016008564537926,0.7032954113660389,0.6521609588570092,0.6126044399585873,0.5369957655449075,0.5293811752470099,0.5262957184954065,0.6634830690490335,0.5495049504950495
279,0.8899466762927982,0.7754726180941565,0.6729748561190722,0.6288651627336942,0.6179233929623896,0.5279325458732635,0.5333680013867221,0.5352747443231063,0.6613352830964676,0.5668316831683168
280,0.895368961615168,0.7925683763992872,0.6875790794959795,0.6227303163769558,0.5883349443642963,0.5351385483990788,0.5334373374934998,0.5409949731322586,0.667275967646118,0.6113861386138614
281,0.867956211299221,0.7952029482650246,0.6776562116157354,0.6266418093900109,0.6176800026670374,0.531201248049922,0.5042815045935171,0.5303865487952851,0.6703834026413198,0.599009900990099
282,0.9413095892856601,0.7960211487416363,0.6815765568979523,0.6589453504700606,0.6142370890337876,0.5549364831736127,0.5158953024787658,0.5280984572716242,0.66878398757026,0.5222772277227723
283,0.9137138245622545,0.7869004453657732,0.6792348456681526,0.6232734831807963,0.5877069215767762,0.5234752247232747,0.5123938290864968,0.5284451378055122,0.6720742128592971,0.5726072607260726
284,0.8879690107081168,0.7604530965849149,0.6711643110090173,0.6252719882577942,0.5991114553671931,0.5166035212837085,0.514993933090657,0.5234529381175247,0.6627976054471507,0.6138613861386139
285,0.8961481325395789,0.787254062108765,0.6993351655787284,0.6325010100057749,0.6109078146570392,0.5060916722383181,0.5159646385855434,0.5137112151152713,0.6530640223004158,0.5874587458745875
286,0.9355432915939003,0.8229045662853237,0.7289574308199561,0.6635325982317432,0.6140509832517468,0.5407101998365649,0.5346507193621078,0.5287224822326226,0.6599643558927021,0.5717821782178217
287,0.9030998161065837,0.8403108734482287,0.7299603452007527,0.676309328800347,0.5906694012480719,0.5272639477007651,0.5373894955798232,0.5416536661466459,0.6625691175798565,0.5602310231023102
288,0.91625394535228,0.8425550056439292,0.7259712769435741,0.6698008206521261,0.5868288136770101,0.5270410816432657,0.525671693534408,0.5146472525567689,0.6529269295800393,0.6196369636963697
289,0.9179089296453192,0.815242184279553,0.7200700089929974,0.6682361623655008,0.6133514212294179,0.5025629596612436,0.5197087883515341,0.5050788698214596,0.6534296028880866,0.6221122112211221
290,0.8939351571429719,0.7734498799489018,0.697284138736958,0.6487704806304345,0.5921975588208875,0.4907510586137731,0.5226209048361935,0.5280984572716242,0.6592331947173605,0.570957095709571
291,0.8891362248361548,0.8142376920297145,0.6935542709417029,0.6366933286131161,0.640059456448111,0.5303840725057574,0.5335066736002774,0.5168313399202634,0.6659507380158114,0.6221122112211221
292,0.9180451943505913,0.8324541441366871,0.6921480797786179,0.634706414504055,0.6188496032525708,0.5362157343436594,0.5424163633211995,0.5156526261050443,0.6648082986793401,0.6188118811881188
293,0.9143138040841402,0.8114533986482088,0.6862508258063493,0.6401521585998221,0.660793486634585,0.5101032612733081,0.5308372334893395,0.5127058415669961,0.6623406297125622,0.5775577557755776
294,0.8838152621962173,0.7843751773162706,0.6820727788267468,0.616647221708821,0.5968527145991344,0.5362900230294926,0.5421390188940891,0.5258797018547409,0.6650824841200932,0.5858085808580858
295,0.9026666950843737,0.8096706594868432,0.690810037820933,0.6356486007207061,0.5986569134978829,0.5359557239432434,0.5437684174033628,0.5076789738256197,0.6616551661106795,0.6105610561056105
296,0.931297144294723,0.8067135701928128,0.7183751453543307,0.6582688009900346,0.6266140774257916,0.5491419656786272,0.5432483966025308,0.5262263823886288,0.6584563359685601,0.5684818481848185
297,0.87068200230688,0.7496924464324733,0.6554011933850805,0.6143232357920897,0.5933229640825822,0.5102889829878909,0.5354134165366614,0.5145085803432138,0.6728053740346388,0.5915841584158416
298,0.8905602368893751,0.7655153812690686,0.6647023205330278,0.638748440710571,0.5868526630222146,0.5424188396107272,0.5287571502860114,0.5158259663719882,0.6601928437599963,0.5742574257425742
299,0.8738475130782083,0.757528874685998,0.6532908590871495,0.6192508097146443,0.5888702191798606,0.5078746006983137,0.5158953024787658,0.515860634425377,0.6621578394187269,0.6056105610561056
300,0.8644708051542049,0.7454931129890627,0.6619394221521975,0.6316653197408718,0.602324157001679,0.5177921402570389,0.5152019414109897,0.5214768590743629,0.6561257597221588,0.599009900990099
301,0.8831955641710033,0.7695943224559397,0.6637097409250018,0.6402140302649887,0.5805354688561701,0.4911596463858554,0.4938117524700988,0.5206101577396429,0.665128181693552,0.5602310231023102
302,0.8763148623126679,0.7624401215204728,0.6765906346645717,0.6428569961915065,0.5781882041094193,0.5215437188916128,0.5190500953371469,0.5265730629225169,0.6554859936937348,0.5503300330033003
303,0.8853040965615856,0.7622477972909546,0.6691855213399918,0.6249964608027879,0.5852631263262252,0.5129633756778843,0.5220315479285839,0.534096030507887,0.652698441712745,0.6237623762376238
304,0.9098998844337064,0.7632917255608196,0.670960598975964,0.6443451957450407,0.5657277666053819,0.5354357031424114,0.5171086843473739,0.5235569422776911,0.6566284330302061,0.6311881188118812
305,0.8764419790103627,0.7503838847172702,0.6509151311486768,0.6118276523066755,0.572332484527637,0.500260010400416,0.510591090310279,0.5173860287744844,0.6517844902435681,0.6155115511551155
306,0.8484771569829839,0.7419112234132661,0.6418570097831313,0.6076397540537283,0.5701640281630578,0.5410073545798975,0.5305598890622292,0.5194661119778125,0.6668189919115295,0.6014851485148515
307,0.8924949015973025,0.7568959989591567,0.6559490759341726,0.6417237757839512,0.5780227043198317,0.5322041453086694,0.5320852834113364,0.5164153232795978,0.6617465612575972,0.58003300330033
308,0.8704547111609308,0.7629958701870393,0.6619130982291342,0.6226701685939866,0.5695114216892543,0.5366243221157417,0.5359681053908824,0.5243196394522448,0.6703834026413198,0.5882838283828383
309,0.8869553149511548,0.7604996625459223,0.6722395243122269,0.6429542236791197,0.602045306746157,0.5420473961815615,0.5454671520194141,0.5242503033454672,0.6648996938262578,0.5775577557755776
310,0.8792227336129608,0.7847242060546912,0.6827438966594671,0.6429371345708256,0.5742120739092681,0.524403833296189,0.5223088923556942,0.527786444791125,0.6717086322716264,0.5750825082508251
311,0.8963307572004177,0.7621334646390862,0.6668468693674593,0.6467024921395335,0.5811735379503681,0.5036401456058243,0.5215808632345293,0.5200901369388109,0.6601471461865375,0.5717821782178217
312,0.9070234001850193,0.7541592344195345,0.6774755781555666,0.6462663242169326,0.5840185812086834,0.5288240101032613,0.5368001386722135,0.5286184780724562,0.6636658593428689,0.594059405940594
313,0.8978857231810667,0.7755237378169503,0.6675181864997972,0.6215387689623355,0.5837918817327883,0.5444617784711389,0.5493846420523487,0.5355520887502166,0.6608783073618791,0.6047854785478548
314,0.8759810661080452,0.7654162531170695,0.6684620896167587,0.6400150373901422,0.5842213250434377,0.5373300646311566,0.5477205754896862,0.5308719015427283,0.666362016176941,0.5932343234323433
315,0.8898609744404455,0.7575458231941946,0.6487847980229434,0.6102174548665317,0.5720656927335023,0.5351014040561622,0.5399895995839834,0.5352054082163287,0.6660878307361879,0.6452145214521452
316,0.8928098503223715,0.775645030174155,0.6671787410903097,0.6369862210957418,0.5777106553922041,0.5172349751132902,0.5197781244583116,0.5193274397642572,0.6528355344331216,0.6163366336633663
317,0.8838644010045823,0.7617346024109676,0.6576810524457443,0.6176761469952995,0.5788903935187851,0.5265210608424337,0.549523314265904,0.5331253250130005,0.669378056025225,0.6237623762376238
318,0.8930248730236464,0.7627659656982977,0.6850101487392778,0.6572994857391393,0.6380780606088361,0.5320184235940866,0.5369734789391576,0.5335066736002774,0.6494082164237079,0.5899339933993399
319,0.8810321199462315,0.7746894715370298,0.6566977598404079,0.6201364196332364,0.5874077499511456,0.5135205408216329,0.5162073149592651,0.5276477725775698,0.665448064707764,0.6113861386138614
320,0.868276980615819,0.7691622244165482,0.6707771569327686,0.6298051635681483,0.5866959827057086,0.5270039373003491,0.5400936037441497,0.534442711041775,0.6661792258831056,0.5742574257425742
321,0.8992090702136363,0.7971497848707912,0.6945340609598429,0.6618692437822289,0.5982317579695657,0.5096946735012258,0.5162766510660426,0.5335413416536662,0.6668189919115295,0.5577557755775577
322,0.8829037527430702,0.7694596369135803,0.6617546860931341,0.6218406619428152,0.5683092473543899,0.522398038778694,0.5289651586063443,0.5295891835673427,0.6633916739021158,0.608085808580858
323,0.9020867872517538,0.7850427590263104,0.6799242079274984,0.6419214476231624,0.6013158918607938,0.5298640517049253,0.5324319639452245,0.5209568382735309,0.6599186583192432,0.6014851485148515
324,0.8863989231060897,0.7553852758901064,0.6673373985860213,0.621263730718128,0.5885490321688507,0.5162320778545427,0.515860634425377,0.5388455538221529,0.6616094685372207,0.5759075907590759
325,0.8844370968599462,0.7801421136052588,0.6770538958098687,0.6515155834396502,0.5709407121946474,0.528155411930763,0.5071589530247876,0.5239036228115791,0.6528355344331216,0.6064356435643564
326,0.8952024372220403,0.774271258459218,0.6742180114118516,0.641283606393763,0.6089456669598702,0.5376272193744893,0.5404402842780378,0.5133298665279945,0.6678700361010831,0.6023102310231023
327,0.8964122885830832,0.7687776391924469,0.6589245212175356,0.6308532779859113,0.5777294783701941,0.48462224203253845,0.5004680187207489,0.5136765470618825,0.6582278481012658,0.5899339933993399
328,0.8839867857394922,0.7857491338295679,0.666057028139355,0.614051591067949,0.5730889543126263,0.4886338310675284,0.48275264343907087,0.4994973132258624,0.6513732120824384,0.6295379537953796
329,0.912248039437623,0.7697981812767528,0.6647139771278174,0.6158329056942358,0.5735294927571871,0.516900676027041,0.5149245969838794,0.5136765470618825,0.6562628524425353,0.6122112211221122
330,0.8515073499046922,0.7481737080466662,0.660472726143124,0.6184630612634717,0.5773794248172467,0.5353985587994948,0.5357254290171607,0.5363147859247703,0.6561714572956177,0.6204620462046204
331,0.9080616748030637,0.7826597625441816,0.6850373008911567,0.6253168518390019,0.5684245095380763,0.5326127330807519,0.5302132085283411,0.5189460911769804,0.6680528263949185,0.6097359735973598
332,0.892255546553947,0.7670499890893709,0.6591324694281631,0.6171508758918558,0.5676718156395119,0.5092860857291435,0.5186340786964811,0.5083723348933957,0.6557144815610291,0.566006600660066
333,0.9028563694515789,0.7811938378918255,0.6863900651536717,0.6451285986747209,0.5986027358667706,0.5375157863457396,0.5341306985612758,0.5247703241462992,0.6677329433807064,0.5668316831683168
334,0.8934634111733443,0.7810670122609086,0.6855711206238915,0.6362297203573775,0.5908910697759583,0.5145234380803804,0.5252903449471312,0.5355520887502166,0.6664077137503999,0.6138613861386139
335,0.8941735926042472,0.7993903556771643,0.6888722075575651,0.6413308829992657,0.6003699167872992,0.522398038778694,0.5253943491072977,0.5311492459698388,0.6675044555134122,0.6023102310231023
336,0.9163713867059835,0.7815784210876529,0.687825547047819,0.6544075743348164,0.588541625305743,0.5207636876903647,0.5066736002773444,0.5032761310452418,0.662112141845268,0.5742574257425742
337,0.9043313765916262,0.8045403627705164,0.6922876351842471,0.6495061224909006,0.5784112225848043,0.5320555679370031,0.5093430403882822,0.5245969838793552,0.6547548325183933,0.6072607260726073
338,0.9094804248405438,0.7775677760327177,0.6898993623756506,0.6469825028579969,0.6030150164092265,0.49832850456875416,0.4953371468192061,0.5228289131565262,0.6563999451629119,0.570957095709571
339,0.8800014313030982,0.7884350560767175,0.684490004990769,0.6435694450970492,0.581398504374308,0.5355099918282445,0.5378748483272664,0.516380655226209,0.6600557510396198,0.5891089108910891
340,0.8975860360273884,0.7705748245344372,0.669713751335953,0.6230997787010808,0.5693609307565867,0.4981056385112547,0.4998439937597504,0.5087883515340613,0.6737193255038157,0.6237623762376238
341,0.8946929948304901,0.7885053753533575,0.6896772888361772,0.657048293773848,0.5789618786844554,0.5424559839536438,0.533576009707055,0.5225515687294159,0.6613809806699265,0.5404290429042904
342,0.928756699632614,0.8122366222341962,0.7010181134382119,0.6710493621366589,0.5905786982039187,0.5474333259044647,0.5146819206101577,0.4983185994106431,0.6620664442718092,0.6014851485148515
343,0.8963456692804609,0.7965123666592786,0.7005810191853086,0.6500354372385346,0.577747955516987,0.5350642597132457,0.5110764430577223,0.5032761310452418,0.664853996252799,0.6328382838283828
344,0.8949154281341976,0.768707347709929,0.664942706878172,0.6122671613702932,0.5840787320949784,0.5407473441794814,0.5351707401629399,0.5251170046801872,0.6712973541104967,0.6163366336633663
345,0.8981593680977612,0.7897206052434497,0.6919588926920108,0.6500579231214291,0.5881229190125202,0.5275611024440978,0.5509100364014561,0.5302132085283411,0.6557601791344879,0.5858085808580858
346,0.8776776537480847,0.759437697563671,0.6718065720282032,0.6082634252582161,0.5854070761835286,0.533987073768665,0.5226555728895822,0.5020627491766337,0.6669103870584472,0.5973597359735974
347,0.887258494715601,0.7733574896017572,0.672863514124509,0.6425981415529439,0.6161412302323789,0.5478419136765471,0.5239729589183567,0.5082683307332293,0.6646712059589636,0.6270627062706271
348,0.9024084765348326,0.8204772997544835,0.7005454389668914,0.650790279533216,0.6125428133125914,0.5562365351756927,0.5548621944877795,0.5297625238342867,0.6673216652195768,0.5701320132013201
349,0.8944991433877633,0.799550783075517,0.6668885557650243,0.6228824850721761,0.5849575769879748,0.5432731594978085,0.5492459698387936,0.5258450338013521,0.6714801444043321,0.636963696369637
350,0.9054975657957782,0.7886469824684489,0.6975286424316393,0.6411381323914892,0.6046051381287441,0.5303097838199242,0.511492459698388,0.5180447217888715,0.6729881643284742,0.6039603960396039
351,0.8821952495142785,0.7884909080745566,0.6946709112875604,0.6448820496701162,0.594396400452619,0.5242181115816061,0.5307678973825619,0.5297625238342867,0.6764154823378878,0.5726072607260726
352,0.935985772131088,0.7814250863241655,0.6861404588779105,0.6334406308527389,0.587064167532508,0.519872223460367,0.49547581903276133,0.5087190154272837,0.6696065438925193,0.5874587458745875
353,0.9152680369283053,0.8011782538588644,0.700972869480597,0.6309998600997725,0.5824281952477892,0.5264467721566005,0.5201941410989773,0.5165886635465419,0.6737650230772746,0.5973597359735974
354,0.8664072312811655,0.7433182819784839,0.6624318772435583,0.615856042072557,0.5907107553962855,0.5624767847856771,0.5499739989599584,0.5353440804298839,0.6755929260156286,0.6377887788778878
355,0.9147829383800056,0.7964640794275301,0.6858831725004024,0.6424270488701695,0.6020824129356072,0.551853502711537,0.5129831859941064,0.5163459871728202,0.6586848238358544,0.6064356435643564
356,0.8722381029971095,0.7484155563278165,0.663881858829746,0.6334475319372617,0.5683946798005912,0.5369957655449075,0.5205754896862541,0.5211995146472526,0.6613809806699265,0.6196369636963697
357,0.8821302936941483,0.7329518708887809,0.6517949473080924,0.6128615091008582,0.5747847768503827,0.5179407176287052,0.5274050962038481,0.5225515687294159,0.6699264269067312,0.641914191419142
358,0.8818144125407802,0.7520775323861167,0.6644732343386185,0.647269829648851,0.5918772526096476,0.48800237723794665,0.5083029987866181,0.523764950598024,0.670337705067861,0.6179867986798679
359,0.8667068870652814,0.7190286301728344,0.6281406972870548,0.5922431113553608,0.5566124868696385,0.5188693262016195,0.5235916103310799,0.5244929797191887,0.664853996252799,0.6155115511551155
360,0.8883130942339964,0.7620886205176174,0.6781416913237062,0.6516929627439263,0.5678416449453858,0.5122576331624693,0.5127751776737736,0.5152019414109897,0.6668646894849883,0.6237623762376238
361,0.863759293273428,0.7339069493466982,0.642390698947184,0.6177079375914948,0.568228000273161,0.5348413936557462,0.5269890795631825,0.5326746403189461,0.6746332769729927,0.608085808580858
362,0.8926059577325541,0.7546743948731995,0.6659314562476791,0.6409923061221674,0.5723578544796981,0.5270039373003491,0.5014733922690241,0.51780204541515,0.6671845724992003,0.5668316831683168
363,0.8926097501316393,0.7449397583361316,0.6424269687183224,0.6125932735138031,0.5748966941130559,0.5369957655449075,0.4984226035708095,0.5124978332466632,0.6670931773522826,0.5932343234323433
364,0.8616811975601004,0.7265151749239831,0.6339765458252613,0.5960610571581193,0.5670210075865368,0.531721268850754,0.5303865487952851,0.5394695787831513,0.6702920074944021,0.6138613861386139
365,0.8894333270627118,0.7662476591288163,0.6768675168100319,0.6429668809792298,0.5620789325218881,0.5509248941386227,0.5200901369388109,0.5323279597850581,0.6575880820728419,0.6097359735973598
366,0.8728461980887111,0.7451951772403385,0.6516741977389708,0.6303142755340223,0.5680570825897012,0.5416388084094792,0.5236956144912464,0.528133125325013,0.6707032856555317,0.5948844884488449
367,0.871454192152393,0.7499141136373584,0.6573776450434106,0.616201703228254,0.5723965428356924,0.5362157343436594,0.5331599930663893,0.5322586236782805,0.6656308550015995,0.6122112211221122
368,0.9049937463055922,0.7670504472295002,0.6581611440628898,0.6340243861313226,0.5720090524019041,0.5269667929574325,0.5103830819899463,0.5088576876408389,0.6606498194945848,0.6064356435643564
369,0.8797926523863786,0.7577535287249536,0.6629992500559031,0.6474737138945071,0.5732251962687397,0.5263353391278508,0.5103137458831687,0.49987866181313917,0.6664991088973176,0.5833333333333334
370,0.8528254815296216,0.7358169225360802,0.6419912001707129,0.6045894028348958,0.5666879493711,0.49836564891167073,0.5135032067949384,0.5133298665279945,0.6610610976557145,0.5874587458745875
371,0.9075618729070358,0.7782244914024558,0.669281305727556,0.6480403031652052,0.5981821507924205,0.5033429908624917,0.5315652626105044,0.5188767550702028,0.6686468948498835,0.5816831683168316
372,0.8983180031672571,0.7707423737987832,0.671711552963563,0.6421229561447118,0.569139677427887,0.5267067825570165,0.5333333333333333,0.5280291211648466,0.6764611799113467,0.5882838283828383
373,0.8635775573126524,0.7472481110431225,0.6439840059468784,0.6244388459307868,0.5703833094958569,0.5245895550107719,0.5220315479285839,0.5328133125325013,0.6695608463190604,0.5585808580858086
374,0.8695150702291915,0.7520217624026142,0.6689270954296269,0.6309870841689016,0.5769669377827555,0.527895401530347,0.5305598890622292,0.5270584156699601,0.6692866608783073,0.5965346534653465
375,0.8984809954081218,0.7676251579059339,0.6610089189431196,0.6287645251554835,0.5809312168593717,0.5374414976599063,0.5197434564049228,0.5227249089963598,0.6624320248594799,0.6064356435643564
376,0.8994069484176146,0.7647940931049333,0.6644772193401601,0.6350719234781267,0.5823249912180023,0.5306440829061734,0.5145432483966025,0.5148552608771018,0.6706575880820729,0.5693069306930693
377,0.8717784418113526,0.7403609166046106,0.6472851437015699,0.6122311617905629,0.5697414044348041,0.5063145382958175,0.5169700121338187,0.5054602184087363,0.6681442215418362,0.5965346534653465
378,0.893283080797871,0.7397252375947257,0.6594098135341514,0.6165523717419655,0.5667766811806463,0.5104375603595572,0.5162073149592651,0.5113884555382215,0.6615637709637618,0.6171617161716172
379,0.8960441360500757,0.7727978972711629,0.6440758377565676,0.6187383969451986,0.5934573087751532,0.5138176955649655,0.5340266944011094,0.5188767550702028,0.6631631860348216,0.6047854785478548
380,0.8832673285646837,0.754482943949058,0.6416422318354906,0.609612056123843,0.5750853751052007,0.5122947775053859,0.5158259663719882,0.5190847633905357,0.6722570031531325,0.5998349834983498
381,0.8757123081019436,0.7536417872211775,0.6679196270953905,0.6438536434353384,0.5717629236292662,0.5343213728549142,0.5175593690414283,0.5205061535794765,0.676963853219394,0.5684818481848185
382,0.9096429240547018,0.8023855770755216,0.6691785728299098,0.6435533882079404,0.5684830607819615,0.5059430948666518,0.5204021494193101,0.5155486219448778,0.6656765525750583,0.6097359735973598
383,0.8777273683051787,0.7371463396632673,0.655705656312383,0.6177818128101716,0.5730113875777495,0.4928682861600178,0.5131565262610505,0.5066042641705668,0.6620207466983503,0.5792079207920792
384,0.8710342491843754,0.7629116706465556,0.6572672459448985,0.6176377310510701,0.5655761534352954,0.5270410816432657,0.5397469232102617,0.5278557808979026,0.658776218982772,0.6056105610561056
385,0.8934431608405765,0.786327820545755,0.6697478967677579,0.6349530302052077,0.5670068014693981,0.5374414976599063,0.5288611544461779,0.5170740162939851,0.6623406297125622,0.6072607260726073
386,0.9008077511994144,0.7767326711724186,0.6654613518334616,0.6429238285550141,0.5780103135931914,0.5456875417873858,0.5271277517767378,0.5230022534234703,0.6589590092766074,0.5891089108910891
387,0.891074974398492,0.7693494657768888,0.6589788220878363,0.6234128423217347,0.5695400305609556,0.5285639997028453,0.5143005720228809,0.5212341827006414,0.6664077137503999,0.5808580858085809
388,0.8846660808524829,0.7481235925336509,0.6467914175365269,0.6098995901375154,0.5649327774035037,0.5114404576183047,0.48074189634252035,0.5127751776737736,0.6565827354567473,0.6179867986798679
389,0.857281718936039,0.7310943437754857,0.6479357491256987,0.6160600292624273,0.5742185828565151,0.5281182675878464,0.5220662159819726,0.5334026694401109,0.6528812320065804,0.6089108910891089
390,0.8965382867147667,0.76892612704649,0.6686596059467873,0.6318530551978857,0.5623115510622085,0.5140034172795483,0.5084416710001733,0.5366267984052695,0.6459352008408353,0.6072607260726073
391,0.9230802330648233,0.7971639732648873,0.6899363418142165,0.64211679365037,0.5769995387139767,0.5325384443949187,0.5265037268157393,0.5381175247009881,0.6565827354567473,0.5726072607260726
392,0.8821553239017157,0.7815063216408864,0.6753930537390643,0.6441724021931947,0.5767263882744927,0.5075403016120645,0.5306292251690068,0.5296931877275091,0.6632545811817393,0.5808580858085809
393,0.8966904118548654,0.757011333996521,0.659881660359257,0.6148093564247299,0.5685317859549425,0.5359185796003268,0.5259143699081297,0.5311839140232276,0.6673216652195768,0.6006600660066007
394,0.8718618664219518,0.7566365124205142,0.6528139380489786,0.6017746631513234,0.561641649664417,0.5189807592303692,0.5320506153579476,0.5326746403189461,0.6613809806699265,0.6023102310231023
395,0.8537098131059758,0.7744231668614143,0.6557640462032431,0.61354008851623,0.5954220185020588,0.5444246341282223,0.5595770497486566,0.5425550355347547,0.6676415482337887,0.6171617161716172
396,0.8969435950654658,0.7636113056020611,0.6700388649148027,0.6341809413744445,0.5664266549483824,0.5195379243741178,0.5265730629225169,0.5409603050788698,0.6540693689165106,0.6006600660066007
397,0.9069334492349006,0.7470296271314723,0.6654611571812336,0.6286919592416834,0.5900187152370273,0.5048287645791546,0.4946091176980413,0.524631651932744,0.6679614312480008,0.58003300330033
398,0.8559560466239107,0.7685769494924408,0.6757748999502158,0.6552323109501978,0.5731490502499387,0.5388901270336528,0.5391228982492633,0.540232275957705,0.6638486496367043,0.6072607260726073
399,0.9000831895580566,0.7854395622626449,0.6884273070289353,0.6578265559241759,0.5630685222328496,0.533467052967833,0.5434564049228636,0.5290691627665106,0.6533382077411689,0.6089108910891089
400,0.9055202360037565,0.7815912136677056,0.683684689214973,0.6339641904724921,0.5729054743836248,0.5071688581828987,0.5103137458831687,0.5168660079736522,0.6529726271534981,0.6023102310231023
401,0.9031555254477321,0.7633136475583959,0.6820270455526873,0.6275603030680407,0.5778762788614004,0.531201248049922,0.5346853874154966,0.5198474605650892,0.6686468948498835,0.6072607260726073
402,0.8985413464259555,0.7872828527531074,0.681175491853302,0.6428160792243743,0.5786376638517022,0.5060545278954015,0.517975385682094,0.5152366094643785,0.6664534113238587,0.5701320132013201
403,0.9071205980537447,0.7773480375192866,0.6620108838886406,0.6165225082346127,0.5623181584971974,0.5285639997028453,0.5175940370948171,0.5133298665279945,0.6630717908879038,0.6262376237623762
404,0.8942157761833867,0.787732689798882,0.6715556052870267,0.6214274873195705,0.5853566390872508,0.5257038852982691,0.508511007106951,0.5130178540474952,0.6618836539779738,0.599009900990099
405,0.8643014057569194,0.7800248822002602,0.6820927232940047,0.6300686358806313,0.5679960802525694,0.5335413416536662,0.5131911943144393,0.5102790778297799,0.6580450578074304,0.6089108910891089
406,0.9025297914204705,0.7851945922891321,0.6746631046612812,0.64146402172515,0.5744894340479559,0.5199093678032836,0.5173513607210956,0.5201248049921997,0.6495453091440845,0.6047854785478548
407,0.909926787106936,0.783652309759407,0.6869640631826471,0.640003074316889,0.5753155838618252,0.5276725354728475,0.5053908823019587,0.5110764430577223,0.6541607640634283,0.5734323432343235
408,0.892723681204649,0.7897571909492763,0.6816143973825607,0.6393618738919608,0.5836144434777716,0.5360671569719931,0.4892009013693881,0.5211648465938638,0.6584106383951012,0.5643564356435643
409,0.8956699383120967,0.7885153317682813,0.6866313207536189,0.6531740407282766,0.5725088006654242,0.5462818512740509,0.5324319639452245,0.5308025654359507,0.6614266782433853,0.58003300330033
410,0.9232376696312586,0.7806840610748611,0.6870921330538353,0.6371417657718857,0.5684584545527487,0.5225466161503604,0.507609637718842,0.5102444097763911,0.6621578394187269,0.5808580858085809
411,0.8860504185561695,0.7773036295171173,0.6714927915331051,0.6207937542617437,0.572434583426985,0.4974370403387564,0.493603744149766,0.5052522100884035,0.6562628524425353,0.6155115511551155
