episode,loss
0,4.907415634744268
1,4.862093990814198
2,4.834300978550847
3,4.795763989863764
4,4.766754000512455
5,4.747275103653009
6,4.733869057401065
7,4.724457115766412
8,4.715505717750202
9,4.707024733945181
10,4.702021382053652
11,4.696803390463557
12,4.69237396423653
13,4.688883224790797
14,4.685755272916449
15,4.6830912224498675
16,4.680573189728641
17,4.678142842002675
18,4.676083797256231
19,4.674482956607577
20,4.672981731268382
21,4.671473011209064
22,4.670061891590245
23,4.668634864317822
24,4.66742786595346
25,4.666386228152896
26,4.66519195138885
27,4.664306321172701
28,4.66351621836939
29,4.662824814492073
30,4.662075738403226
31,4.661294346954597
32,4.660631411211306
33,4.660046617837504
34,4.659437611174484
35,4.658864760731185
36,4.6582568798028605
37,4.657737363505411
38,4.657168972155064
39,4.656716282138548
40,4.656308782263909
41,4.655975789683579
42,4.655582692891335
43,4.655304120761043
44,4.654963035580123
45,4.654572543781848
46,4.654212705590667
47,4.653927851436662
48,4.653521459774627
49,4.653214027333344
50,4.652823353873649
51,4.6523964301993725
52,4.651967531009068
53,4.6515760429419055
54,4.6512014589055575
55,4.650705033556759
56,4.650100623234722
57,4.6492964199975795
58,4.648364864134471
59,4.647101861812981
60,4.64555300257952
61,4.643527028792293
62,4.641002178082284
63,4.638425711349044
64,4.6349301686121205
65,4.631004812349815
66,4.626344875460209
67,4.6214248446780095
68,4.61610048566102
69,4.611067095189718
70,4.60484530660864
71,4.598703842204996
72,4.592672443241644
73,4.585474066630403
74,4.578804048480009
75,4.571535943720298
76,4.565076890579262
77,4.55854837243674
78,4.552400061218463
79,4.545647697057379
80,4.539011321898803
81,4.532612914745018
82,4.526133098101031
83,4.519349410921013
84,4.512673654808329
85,4.506430888966963
86,4.499538149421122
87,4.493614535080513
88,4.486552346341358
89,4.480089519929773
90,4.473951630498576
91,4.467409598428239
92,4.461151355144461
93,4.454966532453485
94,4.448736281230507
95,4.442655035752058
96,4.436166810233297
97,4.430156491786047
98,4.423984164104915
99,4.417840997480049
100,4.40723014679989
101,4.396787622197259
102,4.3863553835760865
103,4.377030708889981
104,4.36859581564919
105,4.360051783747518
106,4.352055980511418
107,4.342990862865928
108,4.333954563842958
109,4.3250919825687335
110,4.316132658464475
111,4.307186053856707
112,4.298800695995956
113,4.2897494610869
114,4.280465150160153
115,4.27105319040582
116,4.261718661430333
117,4.252424492517431
118,4.243140318445102
119,4.23335908860704
120,4.223897857171026
121,4.214026217604365
122,4.203962434767067
123,4.193863258324988
124,4.184046137820911
125,4.174639693025037
126,4.164586780976468
127,4.154092083894317
128,4.143625694666471
129,4.1337185903622755
130,4.123259447135415
131,4.113135738555089
132,4.102525673859954
133,4.09250309988778
134,4.08232763808209
135,4.071811953285404
136,4.060906543754322
137,4.050586942424814
138,4.040186663101923
139,4.029541451880035
140,4.018956859022427
141,4.007600461244031
142,3.996826625599036
143,3.9859188517952084
144,3.9745182217658073
145,3.9627804033533813
146,3.9514740657098395
147,3.939829891115804
148,3.9279970407012748
149,3.9167330625791448
150,3.904864187869397
151,3.8926592383464356
152,3.8802626661583934
153,3.8675871048097896
154,3.854777413212006
155,3.842797323982039
156,3.830508523388319
157,3.8183258619217475
158,3.8052349830728565
159,3.7922582362436312
160,3.778572735555735
161,3.7662729712473526
162,3.7536850367592134
163,3.741486025465355
164,3.729773959264552
165,3.7183109798803367
166,3.7071863947478003
167,3.696436525468221
168,3.685284691515892
169,3.6736612208293824
170,3.6636916090125182
171,3.653909510024896
172,3.643827044088606
173,3.634252884470695
174,3.6250028844081523
175,3.615640617141332
176,3.606095450204626
177,3.595889603999276
178,3.5859341800139317
179,3.5768557682492625
180,3.567103544988005
181,3.5580142921605074
182,3.548684195879413
183,3.540206576023987
184,3.5307518116340297
185,3.522172070956972
186,3.5131881336660387
187,3.504001015718901
188,3.495344134823972
189,3.486231091051768
190,3.4769177061455268
191,3.4680491532816307
192,3.4592196740060497
193,3.4501233637519406
194,3.4411271777489394
195,3.4321780548759357
196,3.423634805571174
197,3.4153729996383406
198,3.4069802023800246
199,3.3983185893910433
200,3.3898849503608095
201,3.3812384659309345
202,3.373596844768672
203,3.3658640750965025
204,3.3569262314177273
205,3.348821859640434
206,3.339497122358898
207,3.3309201168295437
208,3.3227953716705407
209,3.3142099010492507
210,3.306368829008061
211,3.297824343145769
212,3.2886613781064398
213,3.280472616381157
214,3.2723829213907556
215,3.2640016515808266
216,3.255998368873885
217,3.2478722997822893
218,3.2404639968561515
219,3.232959274687472
220,3.224472092786101
221,3.2172653636268262
222,3.2098834853072975
223,3.2014886726927383
224,3.1940498537353306
225,3.186050681047643
226,3.1775943563689153
227,3.1704522967108435
228,3.1644329425687476
229,3.1560784405914264
230,3.1489504684593546
231,3.1401505993789325
232,3.1325810491207076
233,3.1248256736425835
234,3.117677151534601
235,3.111095204334178
236,3.1039144561089484
237,3.096936777082711
238,3.0907855919103957
239,3.0841429969655287
240,3.076832899605674
241,3.070004186866413
242,3.063557498299794
243,3.057054258981584
244,3.0506717172849434
245,3.0435682907183144
246,3.0365223388769325
247,3.030650663554594
248,3.025175209389245
249,3.0183012441042307
250,3.0127410133858046
251,3.0074338549582738
252,3.0016298321608175
253,2.997559053352398
254,2.9921868684866633
255,2.986475379488728
256,2.9809046319159296
257,2.975993515102384
258,2.971255713034588
259,2.9670366227889646
260,2.963190849651277
261,2.958831900776533
262,2.954877011681706
263,2.9517399829287734
264,2.948206306635553
265,2.944332449868435
266,2.940648283477511
267,2.9370590796631326
268,2.933602447101151
269,2.9307310181955213
270,2.9275293820256962
271,2.9242588713769964
272,2.921588582301731
273,2.9184236972265554
274,2.9152404756095596
275,2.9121614236675066
276,2.908997367971628
277,2.907510049749959
278,2.904737998440678
279,2.9018752870565137
280,2.8992782888502706
281,2.896228433751416
282,2.8939249172938215
283,2.8908963460023362
284,2.8891003337092678
285,2.886039273204489
286,2.8846226434454736
287,2.8822519913712825
288,2.8800453942686564
289,2.878638856441179
290,2.8765076660259736
291,2.875185135690918
292,2.8740877629152113
293,2.8720035928605028
294,2.8705385325338284
295,2.869220536123504
296,2.8680009419097887
297,2.8663962836791566
298,2.8650541322430416
299,2.8641069960217633
300,2.862459599619618
301,2.8615569621699835
302,2.8596176246546947
303,2.8581298402263604
304,2.8575629941282354
305,2.855988076671004
306,2.8548700213710587
307,2.854105347543097
308,2.8531047587414555
309,2.8528397192383896
310,2.8505509758583947
311,2.8503015209775024
312,2.8491984113582856
313,2.8482931735726544
314,2.847674693190257
315,2.8467867145120436
316,2.8459100920404494
317,2.8453073835653164
318,2.8436384218028388
319,2.842294732143111
320,2.841573768480062
321,2.84083895011573
322,2.8402335704760473
323,2.8403641599682574
324,2.839659190992128
325,2.839180698388115
326,2.8402784260372234
327,2.8395556663120094
328,2.8379269846535653
329,2.8375594229137584
330,2.8365093774696417
331,2.837449045431443
332,2.8371695621178623
333,2.8361909792263535
334,2.835580956398533
335,2.8340988999221537
336,2.8338750372100354
337,2.8327359006982316
338,2.8310482737335287
339,2.8297132281717716
340,2.829419895749005
341,2.8294793569964343
342,2.8287323891723384
343,2.828619593138147
344,2.8288721215568504
345,2.8297051342027664
346,2.830248096706157
347,2.8305219957561674
348,2.8298415254500537
349,2.8290994435395493
350,2.8287920550492833
351,2.828721419037633
352,2.828587763051703
353,2.8278583540207762
354,2.827614610026024
355,2.826378946704894
356,2.826193464924645
357,2.825341766329861
358,2.8256341445087063
359,2.824758401759661
360,2.824961727004833
361,2.823877483285943
362,2.8239973635797035
363,2.8225558106291455
364,2.82190297292714
365,2.8214638570054404
366,2.8219126339088363
367,2.8214462150073523
368,2.822408053252899
369,2.8224682661860725
370,2.822294280340507
371,2.8221630517636447
372,2.8216356300910657
373,2.821858337091409
374,2.821489754279442
375,2.8215964950754047
376,2.8220447821821115
377,2.8213235074118375
378,2.821486427478254
379,2.8213018406361834
380,2.821415344584971
381,2.8217942939936127
382,2.8224173130350056
383,2.8226303872594065
384,2.823140170086995
385,2.822934197831563
386,2.8224276513933493
387,2.8220222958855947
388,2.822803654204603
389,2.822417652782351
390,2.822958984386779
391,2.822806355232297
392,2.8228423907448903
393,2.823213692178774
394,2.8238634996383194
395,2.824364483701936
396,2.82423205129698
397,2.82379781235134
398,2.8236169038463266
399,2.823640805256087
400,2.823703175670723
401,2.8230548430512683
402,2.8241368112112983
403,2.8242964485915896
404,2.824014253333459
405,2.8239993125243212
406,2.8243011345405757
407,2.8249821228308547
408,2.825616563630121
409,2.8254898673902136
410,2.826235269445659
411,2.8260299209243063
412,2.8263913519635575
413,2.8260472062746436
414,2.826166044089776
415,2.8265637957363055
416,2.826305032165629
417,2.826011351683739
418,2.8260574278374206
419,2.8264228306850714
420,2.826897140976765
421,2.8265099684194603
422,2.826871498513698
423,2.827487877105261
424,2.82727011273017
425,2.827341092003438
426,2.826921146114031
427,2.827375234410871
428,2.8277000315954384
429,2.828614818307181
430,2.8293980537618926
431,2.8288634035805256
432,2.8298252276296036
433,2.830257310061596
434,2.8301941392636762
435,2.830794181524306
436,2.8313974936346344
437,2.831850794531008
438,2.832876826286065
439,2.833906530965734
440,2.833914643055978
441,2.8339572202963264
442,2.8338283554001618
443,2.8332846972372066
444,2.8333462643926226
445,2.8323768509473273
446,2.8317982648519804
447,2.831266891393647
448,2.831848233256107
449,2.8327264519200837
450,2.832520248903174
451,2.831984431269678
452,2.832399977772919
453,2.8320742786574122
454,2.8330085562399834
455,2.8339125758262207
456,2.8343890685351556
457,2.8342092963620638
458,2.8341681741861247
459,2.8348827043277676
460,2.8352345130875403
461,2.836485146137319
462,2.8357738667285632
463,2.8359405553912898
464,2.835363716780449
465,2.8355173032428294
466,2.8348458359064046
467,2.835034324893856
468,2.834082818382301
469,2.8334751898258173
470,2.833099445148866
471,2.832920272585089
472,2.8323670071708626
473,2.832226158231983
474,2.8322034114501435
475,2.8323918992794326
476,2.831541189788106
477,2.831372453257737
478,2.8319218450221655
479,2.8322470178213837
480,2.832808444055101
481,2.8326435549756974
482,2.832440410299557
483,2.8327110248595972
484,2.8320975698240085
485,2.8324960585797827
486,2.8328993692396445
487,2.83268786955543
488,2.8326069590313177
489,2.832775651263221
490,2.8324819752379216
491,2.8326088359613437
492,2.8315439288379607
493,2.832047432996759
494,2.831671716784964
495,2.83071489186639
496,2.8310264217209102
497,2.830943123233711
498,2.8305839994704103
499,2.8311522609539996
500,2.8308889405000577
501,2.831298218431751
502,2.8307283453437733
503,2.8306241979713924
504,2.830585143972871
505,2.8302950266791753
506,2.8302069602032343
507,2.8298170904487727
508,2.8299085285723082
509,2.8305334867018814
510,2.829937450587124
511,2.8293848861297644
512,2.829903187986848
513,2.830642008111182
514,2.8303569194252005
515,2.8302988248019805
516,2.830892983764441
517,2.830979006204899
518,2.8309813222163553
519,2.8310027271477423
520,2.831024705882768
521,2.8314798518591386
522,2.8310130840717522
523,2.830573486249675
524,2.830864762469778
525,2.8307174792554854
526,2.8295631817590157
527,2.8298595591175677
528,2.829697831898453
529,2.829553234005727
530,2.829656434597029
531,2.830335048727062
532,2.830197477501216
533,2.8304509641446756
534,2.8302030068422552
535,2.8299098921497947
536,2.829410646876241
537,2.8301896112664195
538,2.8291856272687683
539,2.8293167340186938
540,2.8294325273647973
541,2.8293308384842395
542,2.8291555334337857
543,2.8288693249165457
544,2.8284401463066233
545,2.829793209188962
546,2.830427988590523
547,2.8301708745411895
548,2.8301201384884327
549,2.830452956766087
550,2.8310171782827807
551,2.8312776438649183
552,2.831846520588958
553,2.8317741286674494
554,2.8315452082081105
555,2.830732709709058
556,2.831408965733746
557,2.8325609412156014
558,2.832672432552363
559,2.8326696847703534
560,2.8330945337967655
561,2.833237105403805
562,2.8332814465032232
563,2.833217464871057
564,2.8345990864846375
565,2.8351249451512435
566,2.835048921712349
567,2.8352597936302355
568,2.8364313793959726
569,2.838355132593187
570,2.839439853221263
571,2.83963337673661
572,2.840367564034433
573,2.8405662883096823
574,2.8408721259657135
575,2.841839245478221
576,2.8427017030275503
577,2.8431590208093427
578,2.843146857020231
579,2.8429445184451816
580,2.843953026776306
581,2.844612471451087
582,2.844092492173851
583,2.844360943175909
584,2.8448433399718143
585,2.8445790141518628
586,2.8448321604289646
587,2.8465077060932553
588,2.8465304222059444
589,2.847730909442676
590,2.847764126526028
591,2.8476699835717763
592,2.848812274429377
593,2.849844759976104
594,2.850475009727092
595,2.8507763805488833
596,2.8508123811704458
597,2.8508826596875405
598,2.850982310871893
599,2.850415129895445
600,2.850012966642227
601,2.8504241615674912
602,2.850021898335517
603,2.8509178933946204
604,2.8516747618760023
605,2.852590755225097
606,2.8533169215168703
607,2.853689420646833
608,2.8540813261327274
609,2.854125625413193
610,2.8548470573073037
611,2.855694290751954
612,2.8556648927625035
613,2.8558561360460226
614,2.856289173970408
615,2.8574474635832754
616,2.8575216392491956
617,2.857652940684915
618,2.858329812827464
619,2.8594656407271852
620,2.8603176778488155
621,2.859999689130157
622,2.8607978016061457
623,2.8621692092170496
624,2.8626335518201027
625,2.862597752120225
626,2.8631768066818584
627,2.8628257105243677
628,2.8629493380505853
629,2.863124086811934
630,2.8640095537011785
631,2.8649286174076805
632,2.8647925633552505
633,2.864100822614927
634,2.8645113447773354
635,2.8650292257052183
636,2.866191571571345
637,2.8660357201333704
638,2.8667189159561053
639,2.866243514332758
640,2.866391761942944
641,2.867372566984441
642,2.8679582161448076
643,2.8686376442201187
644,2.868414143390308
645,2.868159165414413
646,2.869023763079343
647,2.8704053769428794
648,2.8710177529909044
649,2.871674725790858
650,2.8715214956148456
651,2.8720420810183898
652,2.8713048172916813
653,2.871506898291571
654,2.871401269768407
655,2.8724280362896155
656,2.8718595561453037
657,2.871152525797239
658,2.871318952658706
659,2.872314905832017
660,2.872458313821082
661,2.8723017325594715
662,2.8739591132988163
663,2.875113057159677
664,2.8748693452068057
665,2.874350487156259
666,2.875588118854184
667,2.875433247666489
668,2.8756225572238305
669,2.8756757320150363
670,2.876033028889672
671,2.876259256103844
672,2.876834325969164
673,2.8779908610920266
674,2.879291174443713
675,2.878825234299862
676,2.8795750754516525
677,2.8798179429354014
678,2.880054769084415
679,2.8806270441616006
680,2.8805234359310465
681,2.8806779178413984
682,2.8821407043208045
683,2.8827639275297843
684,2.8829643164643723
685,2.8839873848421598
686,2.8842760723187553
687,2.884302450183118
688,2.884819456340219
689,2.884318337089916
690,2.884866554069836
691,2.885838069441817
692,2.8849623583140893
693,2.884725874859057
694,2.8853097608559297
695,2.886090385474247
696,2.8860248132582984
697,2.886508966718953
698,2.8867778076463453
699,2.8872941595844406
700,2.887487328982855
701,2.888499964789611
702,2.889414089578689
703,2.8890843016662946
704,2.8891135989835988
705,2.889425844854086
706,2.889520319244264
707,2.889499467698994
708,2.88910720313941
709,2.889667915577986
710,2.889676110115056
711,2.8904731355675586
712,2.8909470132787014
713,2.890885937251813
714,2.890440944480669
715,2.8901717396800914
716,2.889736379669251
717,2.890740401998425
718,2.8910774629818716
719,2.8912978849758657
720,2.8910976501728705
721,2.891914157575921
722,2.891966836229347
723,2.8909410991684323
724,2.890583573149499
725,2.8908872713631553
726,2.8914242681103564
727,2.8918888513046124
728,2.8921686391053663
729,2.892375308987022
730,2.8911567873355284
731,2.890906077199203
732,2.891418590648544
733,2.8926276114965055
734,2.8929108413709645
735,2.8930567980857216
736,2.892279797790587
737,2.8924229132473815
738,2.8926973756146106
739,2.8936511985484774
740,2.8942629861292057
741,2.893578744301404
742,2.894186901841552
743,2.894627103560923
744,2.8954308696940902
745,2.896228344314372
746,2.8961155623795403
747,2.8946635280846276
748,2.8940012754334514
749,2.893610045725517
750,2.893529486031029
751,2.893279692456286
752,2.894517653502259
753,2.894831564785355
754,2.8949977093075954
755,2.8951948081562415
756,2.896086439304699
757,2.8967874205443684
758,2.8974689816025894
759,2.8967764148286985
760,2.8965459035944066
761,2.8967344821773793
762,2.896743443712859
763,2.895899744837753
764,2.896112518690957
765,2.8965131171188414
766,2.8962035735678318
767,2.8966521097271825
768,2.896360158311256
769,2.895833027161826
770,2.894862468523048
771,2.8950335069443605
772,2.895216333570134
773,2.894910345063774
774,2.894110852942291
775,2.893867938635462
776,2.894158336202033
777,2.8942579866621814
778,2.8945432932006345
779,2.8949182330139416
780,2.8940335340373697
781,2.894235710375584
782,2.893135633916139
783,2.892310579414347
784,2.891917902236198
785,2.8916215883180336
786,2.891276320442703
787,2.891368705799061
788,2.8919322345020784
789,2.8919084067515577
790,2.892728510067787
791,2.8918898734972114
792,2.8924521959145357
793,2.89205648871504
794,2.891190828377645
795,2.8904925593753
796,2.8916041556040732
797,2.892367907740046
798,2.892927428682246
799,2.8925503792353124
800,2.893079117980693
801,2.8930018423246433
802,2.8927114764377153
803,2.8926556777445387
804,2.892748479710087
805,2.891901661626287
806,2.891079019342777
807,2.891127072793316
808,2.891660955579005
809,2.890232573339158
810,2.8916211458462335
811,2.8912184889523975
812,2.891570073072838
813,2.891204277088105
814,2.8917819071270014
815,2.891582091621043
816,2.892237635511689
817,2.892517492710614
818,2.8930192134897394
819,2.8921244440786817
820,2.8922298904354746
821,2.8920885501213918
822,2.8923794189291616
823,2.8925692687574007
824,2.8928338370515037
825,2.892818083733012
826,2.892434822807727
827,2.893039610425886
828,2.8930352454872654
829,2.8935565374657113
830,2.8936825103365997
831,2.8935666991863678
832,2.893175473701504
833,2.8928059247805105
834,2.892492297311053
835,2.8923588380458334
836,2.893354646448184
837,2.8932746724435328
838,2.8933887475908033
839,2.892719595213687
840,2.8921617586392965
841,2.8925558563573515
842,2.891983052859771
843,2.8917944714763952
844,2.891952303557319
845,2.891135325388437
846,2.889723584786645
847,2.889929095016152
848,2.8903477362454613
849,2.8902860110278397
850,2.8913428072467426
851,2.891687178346854
852,2.891008893551178
853,2.8908432735627474
854,2.891565328707212
855,2.8918151893820845
856,2.891719783129172
857,2.891953633915187
858,2.8921025750583937
859,2.8930285910873983
860,2.8937334267270103
861,2.894327802035674
862,2.893570030967106
863,2.8942049485354993
864,2.894279053945884
865,2.894926297617494
866,2.8953508648506396
867,2.895529438384952
868,2.895185408309986
869,2.8950373664891815
870,2.8951886034032026
871,2.895212913784823
872,2.894954705457587
873,2.895703272692137
874,2.896408908146016
875,2.8967482063489762
876,2.8962320770401093
877,2.89603416234378
878,2.896265508085355
879,2.8966260170548543
880,2.897645291142607
881,2.897182433200395
882,2.897249743476471
883,2.8973882186338993
884,2.8973290645872436
885,2.8974632824987157
886,2.897221448208839
887,2.896572740689626
888,2.896184188677473
889,2.8962104311182673
890,2.895458144184261
891,2.8956401864436048
892,2.8963507781126667
893,2.896712180015293
894,2.896749144059633
895,2.8966893478443807
896,2.8962695141580563
897,2.896009699401438
898,2.8965267397981806
899,2.896486000267345
900,2.8970934288859307
901,2.8966197768078676
902,2.8975782801168646
903,2.897879719931678
904,2.897381521817759
905,2.898670728900035
906,2.8998466515097605
907,2.899843443122425
908,2.899369738889357
909,2.899893356858397
910,2.898476831357613
911,2.8983501508343794
912,2.898125049858099
913,2.898627951956584
914,2.8993397281228797
915,2.8991902960352594
916,2.8991165525926728
917,2.898939535254944
918,2.8987426996665433
919,2.8992878349499445
920,2.8995508316157412
921,2.899605600408839
922,2.8990714728130667
923,2.899507056415186
924,2.8993203809432884
925,2.8996234320586947
926,2.8999920113587376
927,2.899501239590032
928,2.8996367128545826
929,2.899702478774512
930,2.899989689212183
931,2.9008118393408115
932,2.9009909518949555
933,2.900741493286981
934,2.9012540877260964
935,2.901683183785951
936,2.900798754703031
937,2.9010677635627102
938,2.901361308846452
939,2.9019431829955353
940,2.902966075604368
941,2.9022782214393716
942,2.9027279060037885
943,2.9024320662546654
944,2.902980538140233
945,2.9035697571376478
946,2.904322772025706
947,2.9055263135477896
948,2.90507232983128
949,2.9055784040063424
950,2.9051523864083992
951,2.9054992445108554
952,2.9056955179055852
953,2.9053716790360142
954,2.9056423829465285
955,2.9065802990859453
956,2.906114973137918
957,2.905716735483025
958,2.9057540995933455
959,2.904901469225614
960,2.9050813805713323
961,2.904427875541741
962,2.9050740139888154
963,2.90562897069023
964,2.9054525235012574
965,2.9063122654180438
966,2.9056950769753866
967,2.9058550151203493
968,2.9069610041136205
969,2.9071571811366748
970,2.9077801569094146
971,2.9078002905852998
972,2.9071602459822437
973,2.906704797049648
974,2.9059318978942796
975,2.9061441938482995
976,2.9067352009810823
977,2.9072927202523453
978,2.907058074954457
979,2.9061492732201875
980,2.905650763342905
981,2.9059781211717937
982,2.9069991638684667
983,2.90727881200643
984,2.9073342295431157
985,2.9070493888423057
986,2.9075258812519396
987,2.9081699108874113
988,2.9089372937575217
989,2.9096622076282874
990,2.910373820265305
991,2.910294325878169
992,2.910375224575581
993,2.9099587858658946
994,2.9102147591103678
995,2.9109989472569735
996,2.910384889495699
997,2.9100471027747448
998,2.91008358625008
999,2.9108440304663987
1000,2.9106402431820833
1001,2.9108431076076555
1002,2.910256731789104
1003,2.9103611949758563
1004,2.9110388014118174
1005,2.910857036714932
1006,2.911052340363704
1007,2.911642816679869
1008,2.911440929629097
1009,2.912439514382431
1010,2.913187291769487
1011,2.9127298844526046
1012,2.913179332747942
1013,2.9134499054195135
1014,2.913312453296113
1015,2.9134149761717123
1016,2.9138405135238945
1017,2.9141138811525473
1018,2.9140192675933734
1019,2.914576938438218
1020,2.914794899643889
1021,2.9150290959281797
1022,2.91578798309714
1023,2.9160312901997485
1024,2.91646598143933
1025,2.916938001970055
1026,2.917688281682575
1027,2.917961345249878
1028,2.919241399519391
1029,2.918446225330886
1030,2.919137754901797
1031,2.917643655665845
1032,2.91693499229133
1033,2.9176897283510153
1034,2.917840644051281
1035,2.91765656591366
1036,2.917742444913744
1037,2.9163696469482856
1038,2.9163978662430083
1039,2.916586667765161
1040,2.9164073589562345
1041,2.9180469739502173
1042,2.9174736475536873
1043,2.9189144873792
1044,2.9179255263872808
1045,2.917744691609038
1046,2.917832427214521
1047,2.917110238574543
1048,2.9173487325754315
1049,2.9166598617736876
1050,2.9168196877194363
1051,2.9170564231473857
1052,2.916832786131948
1053,2.9179012132800852
1054,2.9175339610267166
1055,2.916706447840703
1056,2.9172388807494234
1057,2.917313212864039
1058,2.9170279894685773
1059,2.917321019028124
1060,2.916251318943492
1061,2.9165123409620533
1062,2.915807773942327
1063,2.9161519711819084
1064,2.916070774830722
1065,2.9153160998174354
1066,2.9158374189805265
1067,2.916621505912387
1068,2.9167553577974865
1069,2.916974147120678
1070,2.9170801439485343
1071,2.917000181389428
1072,2.9177979834171635
1073,2.91771224309648
1074,2.9187035789794686
1075,2.918948659608674
1076,2.9186464767481324
1077,2.918651948671693
1078,2.917934591407234
1079,2.918117761562007
1080,2.9183870244397605
1081,2.9178872030684517
1082,2.917564399865774
1083,2.9174942505475543
1084,2.918619798072586
1085,2.919589403105957
1086,2.919930263126153
1087,2.9197469771166844
1088,2.919492910558223
1089,2.918445323065764
1090,2.918126237639778
1091,2.918917149509621
1092,2.918361959531108
1093,2.9190252523131535
1094,2.9193851744685224
1095,2.9198311082653494
1096,2.92039942748746
1097,2.920283630177755
1098,2.920162650614043
1099,2.9199659574454064
1100,2.9206093062934713
1101,2.92087281937783
1102,2.9214228397807456
1103,2.9214590151045523
1104,2.921591568070322
1105,2.921223441331156
1106,2.919816250196427
1107,2.9201611232437448
1108,2.9203413977070185
1109,2.9196068132399904
1110,2.9196962282383714
1111,2.920721997102487
1112,2.9208669067905726
1113,2.9213307432585265
1114,2.9210317652363846
1115,2.9207789171269964
1116,2.921625666263891
1117,2.921182452927253
1118,2.9205097803470914
1119,2.919842645896281
1120,2.9194399201319134
1121,2.919064637998833
1122,2.9181675540190986
1123,2.9177499843151673
1124,2.917768609387815
1125,2.9173151702428926
1126,2.917275350190944
1127,2.9169546300583136
1128,2.9161916457381984
1129,2.9163124374899234
1130,2.9161348642662754
1131,2.9171572479608217
1132,2.918390342872163
1133,2.9176153958996838
1134,2.917920982734435
1135,2.91825472804095
1136,2.918450446550813
1137,2.9192800111545796
1138,2.9191114266119227
1139,2.9186527464851757
1140,2.9181733719690657
1141,2.9177166204306486
1142,2.9188103457630166
1143,2.917773080304424
1144,2.918077472676022
1145,2.9189307063826697
1146,2.919227892276108
1147,2.9194192982133575
1148,2.9192315395744792
1149,2.9198497840726394
1150,2.9198331929291372
1151,2.919883426723443
1152,2.9200640258866355
1153,2.920016588337164
1154,2.9200881323715566
1155,2.919804226827513
1156,2.9191676249106386
1157,2.919052154827333
1158,2.91929649511516
1159,2.9200376280019253
1160,2.9200418997054203
1161,2.9204995092185815
1162,2.9214754418481412
1163,2.9206469034834606
1164,2.9215087567866957
1165,2.9208425463542875
1166,2.9203796306591374
1167,2.919701447945813
1168,2.9188144817559136
1169,2.918645874145671
1170,2.918075238182412
1171,2.918547066943971
1172,2.9188398022319344
1173,2.918553783791072
1174,2.918735573063958
1175,2.9183367464188312
1176,2.918292612848775
1177,2.918374996793162
1178,2.9192174328337224
1179,2.9202731704451197
1180,2.9203217289809107
1181,2.9203177875439574
1182,2.9201899314590687
1183,2.92041213064331
1184,2.920673284636046
1185,2.9197790974865843
1186,2.919083524597143
1187,2.9198241402126364
1188,2.919388120068529
1189,2.919628908256623
1190,2.920274877024348
1191,2.9201995459014927
1192,2.92143049607631
1193,2.9211240881540785
1194,2.920761781173304
1195,2.9208838645465764
1196,2.921174197416061
1197,2.921570731658302
1198,2.9209483601635937
1199,2.920710746502936
1200,2.9208221256337352
1201,2.921081949126977
1202,2.920527568480622
1203,2.9208223121653005
1204,2.920332999282631
1205,2.9200452741298553
1206,2.9210370869552067
1207,2.9202357635164424
1208,2.920490887982424
1209,2.9213373331480024
1210,2.9218794607905454
1211,2.92179286232374
1212,2.921536898754681
1213,2.9211248507314593
1214,2.9211475072307245
1215,2.9223314375467724
1216,2.9212232186917957
1217,2.921185055355098
1218,2.9221171574376545
1219,2.9224818962471644
1220,2.923008172475336
1221,2.922784747382801
1222,2.92317444405705
1223,2.923514311383027
1224,2.9236908550525555
1225,2.923853757291148
1226,2.9239429032019357
1227,2.9248209346348584
1228,2.924611928648692
1229,2.9250557855269017
1230,2.9251506303593846
1231,2.92410891350362
1232,2.9238368102345205
1233,2.924895192602026
1234,2.9251908460051776
1235,2.9249755352391755
1236,2.9249588357334115
1237,2.92507892631285
1238,2.9253504306689444
1239,2.9256373444171775
1240,2.926940064199383
1241,2.926887634501354
1242,2.926712054031189
1243,2.9267829305333475
1244,2.9270864688879707
1245,2.926289487741228
1246,2.926574217181664
1247,2.926992195358547
1248,2.927813742454961
1249,2.9281035752510225
1250,2.9277509518280325
1251,2.9268632959822067
1252,2.927249283834818
1253,2.926490773088852
1254,2.926272745268846
1255,2.926924194338211
1256,2.9271083307530477
1257,2.927316048909982
1258,2.92734208602403
1259,2.9272495742451916
1260,2.928273458399873
1261,2.9271883269900876
1262,2.9267893042466024
1263,2.9275865348756374
1264,2.9269197070108732
1265,2.927517534453926
1266,2.928283763207389
1267,2.9286104306990035
1268,2.928482613681236
1269,2.9283296396570706
1270,2.9289556642297163
1271,2.928471916767224
1272,2.928345396482431
1273,2.929496370676519
1274,2.929110538877846
1275,2.929511322218654
1276,2.928961580150995
1277,2.929639820293151
1278,2.929775558121179
1279,2.929200245068561
1280,2.9297066684061828
1281,2.9305065920224704
1282,2.930343904064187
1283,2.93089167447999
1284,2.9304646752161125
1285,2.931356228864262
1286,2.932257598799384
1287,2.9313756216704063
1288,2.931091195950789
1289,2.931523612004023
1290,2.9308481068630514
1291,2.931502841312987
1292,2.9315170488178706
1293,2.9315699273008122
1294,2.9323568537262434
1295,2.931715767286115
1296,2.932302900620542
1297,2.932739866967354
1298,2.933153751407307
1299,2.933585994287302
1300,2.9334576847828746
1301,2.93323973742434
1302,2.93393674268505
1303,2.9332662357353967
1304,2.933947117129873
1305,2.9345433806117693
1306,2.934595023722602
1307,2.934004264061018
1308,2.9340646946907807
1309,2.93390917000059
1310,2.933436140353862
1311,2.933485369719496
1312,2.9329681020081555
1313,2.9321527899987285
1314,2.932338315763929
1315,2.9314330536557502
1316,2.9318733468061606
1317,2.932754223392739
1318,2.9323699629555824
1319,2.9322684088316153
1320,2.9313792072427804
1321,2.931481708556132
1322,2.9322056550577944
1323,2.9323279596463876
1324,2.9324524918535144
1325,2.932641364217554
1326,2.932498595984826
1327,2.9322248774075352
1328,2.9319509608760943
1329,2.9324041519504345
1330,2.932592623724523
1331,2.933999637798772
1332,2.9340851582628176
1333,2.9346544072411587
1334,2.934272109365581
1335,2.9341151453658285
1336,2.934540633372165
1337,2.9348421062939
1338,2.9343266865955293
1339,2.9341826919535707
1340,2.9336680162577853
1341,2.9334871347398326
1342,2.933714622699448
1343,2.93365772563952
1344,2.9331319947281393
1345,2.9331333234797343
1346,2.9327997560012853
1347,2.932296922726006
1348,2.9318925781931737
1349,2.9314985893864334
1350,2.931428916799646
1351,2.931696873804445
1352,2.931469934012437
1353,2.932325514271548
1354,2.9332130590241503
1355,2.93338350713875
1356,2.9327348695361577
1357,2.933705034487758
1358,2.9333011345338185
1359,2.9333445311773376
1360,2.933078598647483
1361,2.9343738530441494
1362,2.934408588032051
1363,2.934066604773937
1364,2.933999064016403
1365,2.9342214600447387
1366,2.933384542216027
1367,2.9342578397196077
1368,2.934758018160303
1369,2.9355349664555814
1370,2.9354872698094336
1371,2.9370726332327695
1372,2.9372912774872417
1373,2.9365686191796216
1374,2.936036238489558
1375,2.9358228740657792
1376,2.936525971388877
1377,2.9362188095527864
1378,2.9364226630203336
1379,2.936336819628311
1380,2.9357986126952267
1381,2.9355857109420147
1382,2.9362265442104336
1383,2.9358280037978415
1384,2.9355833227399564
1385,2.935538464477924
1386,2.935840851607841
1387,2.935872529288844
1388,2.9362458641922076
1389,2.936020321342715
1390,2.937184972911313
1391,2.9369061817555995
1392,2.935975302336692
1393,2.935884510970531
1394,2.934882584083515
1395,2.9354477924325324
1396,2.9356087705141802
1397,2.9360727860060614
1398,2.936507565164228
1399,2.9361723878058803
1400,2.9352328668519077
1401,2.9354137405246647
1402,2.935342242795435
1403,2.935848453885816
1404,2.935170748380059
1405,2.9349121018217104
1406,2.9354626723233266
1407,2.9362146160374665
1408,2.936316630313831
1409,2.9361534917416954
1410,2.936721747270681
1411,2.93636331148603
1412,2.936778004672825
1413,2.937429349750247
1414,2.937155157977054
1415,2.9377775809593554
1416,2.9381066120916204
1417,2.937238719491948
1418,2.937043976588393
1419,2.9367501499783
1420,2.937365320637081
1421,2.9376919838999385
1422,2.9369314590181235
1423,2.936592593825078
1424,2.9367048082562146
1425,2.9360332158845166
1426,2.9361066623545238
1427,2.9362400866332434
1428,2.9368062715792678
1429,2.9365653662632565
1430,2.9366327373356413
1431,2.935904066258918
1432,2.935795283689168
1433,2.9355585950864325
1434,2.935543119572294
1435,2.936495240124163
1436,2.9362847542295647
1437,2.936285679155261
1438,2.9368020164605664
1439,2.9378760020769006
1440,2.9380506514056246
1441,2.938297868182524
1442,2.9380108092658594
1443,2.9381794008056255
1444,2.9387701633664016
1445,2.9385713447693784
1446,2.9382762748024662
1447,2.938016235301009
1448,2.9379246991403254
1449,2.938036122671284
1450,2.9387739159619843
1451,2.939088237927481
1452,2.939329076872616
1453,2.9391909202189352
1454,2.9386812729733536
1455,2.9380809618592094
1456,2.9389040662522232
1457,2.9379603643805465
1458,2.9374516855273383
1459,2.937004240900882
1460,2.9373463463011817
1461,2.9368654809154093
1462,2.936986587892648
1463,2.93708490010328
1464,2.9376741743383197
1465,2.936812763709865
1466,2.9370873885188304
1467,2.936131162895913
1468,2.936251168955812
1469,2.9361377910528326
1470,2.9364933863605636
1471,2.9355173094589118
1472,2.9348030742138445
1473,2.9348836960572102
1474,2.935470248138509
1475,2.935568780469418
1476,2.9345602530624815
1477,2.9344190004786617
1478,2.9340431602816803
1479,2.9344749156792727
1480,2.9345925388302043
1481,2.934801135049042
1482,2.934713938597069
1483,2.9348747581712473
1484,2.9356661170328437
1485,2.936098080833092
1486,2.9353684603398533
1487,2.9351584379536746
1488,2.9358403666101163
1489,2.9368287782421856
1490,2.9354568567341808
1491,2.934326412423074
1492,2.93535325360658
1493,2.9360398536867427
1494,2.93654139886115
1495,2.9364182487310715
1496,2.9359636591725167
1497,2.934726186815285
1498,2.9352365217876923
1499,2.935773209788402
1500,2.93639153247284
1501,2.9363131827320914
1502,2.936432891045414
1503,2.936791432821829
1504,2.9371596509421187
1505,2.9370509221036674
1506,2.936266799176956
1507,2.93631188344834
1508,2.9363383603542696
1509,2.936382340672169
1510,2.9360946282327616
1511,2.9367277355954564
1512,2.936261118761952
1513,2.9367052191727527
1514,2.9378505987237054
1515,2.9377792169714665
1516,2.937009996447984
1517,2.9368206918056527
1518,2.937643424805035
1519,2.9374975687828084
1520,2.937654052062972
1521,2.937677341582339
1522,2.9374724363742017
1523,2.9380009493765242
1524,2.93792207538324
1525,2.939219701522041
1526,2.938755208404226
1527,2.938437728918487
1528,2.9380220407889226
1529,2.9369576446372365
1530,2.9366484639472192
1531,2.9372142463481676
1532,2.937820982892232
1533,2.937994130848145
1534,2.9377201992322926
1535,2.9385045099447225
1536,2.9385514739491527
1537,2.938691261732886
1538,2.9385273146701967
1539,2.937155801490299
1540,2.9363850318488507
1541,2.9375014814961316
1542,2.9370147360188774
1543,2.9372620662572815
1544,2.9368826490167748
1545,2.9375655433651455
1546,2.937818641963089
1547,2.938311590095882
1548,2.9390636661021516
1549,2.938446495076766
1550,2.9383039996037454
1551,2.9375660531880334
1552,2.937189801388264
1553,2.937238760082982
1554,2.9366012812841666
1555,2.9368298883470714
1556,2.9367929207109587
1557,2.9375295943145754
1558,2.9381144243742265
1559,2.937934314310699
1560,2.93718071287415
1561,2.9376284053870334
1562,2.937634585106266
1563,2.9371020141068307
1564,2.9367359223806977
1565,2.937490012578443
1566,2.93792712729243
1567,2.937865629449797
1568,2.9382628549818492
1569,2.938038673435449
1570,2.9381779685102134
1571,2.938344270555134
1572,2.939613702173272
1573,2.939348482816635
1574,2.939933410292527
1575,2.939901730356013
1576,2.9405482873893956
1577,2.9403290902922556
1578,2.9409195490750686
1579,2.9397286734592707
1580,2.9400464240971553
1581,2.9401501887151937
1582,2.939672205939221
1583,2.9391661795821324
1584,2.9388775556507123
1585,2.9377381613143596
1586,2.9380283260226348
1587,2.93813534139868
1588,2.9377683263902763
1589,2.9371726225512753
1590,2.937036358778033
1591,2.9377360573454063
1592,2.9360563031367373
1593,2.9355767225414398
1594,2.935138142008612
1595,2.9344008182782484
1596,2.9336381486619416
1597,2.934499434734269
1598,2.933813397570033
1599,2.93368797482882
1600,2.934340054323775
1601,2.933893967368556
1602,2.9325950883344634
1603,2.932530941377881
1604,2.9328868258548995
1605,2.9329488232257357
1606,2.9328314236263617
1607,2.93344563904568
1608,2.933424608850251
1609,2.9333917773207094
1610,2.9334499423115226
1611,2.9333484678303083
1612,2.933741553515198
1613,2.933814335071658
1614,2.932615214427757
1615,2.933095404970025
1616,2.93362513309347
1617,2.934093211271764
1618,2.9335976062483695
1619,2.9345311698262013
1620,2.934912764533487
1621,2.93500006403601
1622,2.93522840173036
1623,2.93414775585298
1624,2.9336044591873742
1625,2.93228253755184
1626,2.9324447507211393
1627,2.932018910418411
1628,2.932664215104977
1629,2.9332572157248666
1630,2.9331850957320045
1631,2.9329192847259167
1632,2.9318035749045572
1633,2.931330544521933
1634,2.9322560981418326
1635,2.9307706777647207
1636,2.931748687617427
1637,2.9318254395775467
1638,2.9319234510650904
1639,2.9327205014281588
1640,2.9325566390504267
1641,2.931826546545752
1642,2.9332675845019405
1643,2.932306883093633
1644,2.932202831528226
1645,2.9323308015171743
1646,2.93258381613666
1647,2.9328207910557036
1648,2.9326951931325227
1649,2.9333954844829715
1650,2.9330517597612684
1651,2.934046306376037
1652,2.9341482929701086
1653,2.934162274490644
1654,2.9345492805929956
1655,2.934317149725306
1656,2.933914867506855
1657,2.9339081213043285
1658,2.934171734521582
1659,2.934911559119984
1660,2.934400890935563
1661,2.9336063544311317
1662,2.9340812271900383
1663,2.933759416170338
1664,2.933992886179535
1665,2.9336949070987965
1666,2.933162484860497
1667,2.933778674865187
1668,2.932967257995777
1669,2.9338690872194975
1670,2.9335570340249557
1671,2.933617060367431
1672,2.932679817545453
1673,2.9331300366441133
1674,2.9327038729141766
1675,2.932638502140944
1676,2.933213911687619
1677,2.9336797812451754
1678,2.9336082881022536
1679,2.9346127160691022
1680,2.9347577782977976
1681,2.9354540205863584
1682,2.935925632649716
1683,2.9359004786111127
1684,2.935619864281335
1685,2.935957931292921
1686,2.9363948891886924
1687,2.936768818247245
1688,2.936605290950227
1689,2.9365027077139434
1690,2.938051000912714
1691,2.9381608059307234
1692,2.938590940575977
1693,2.939084951871933
1694,2.939820569226662
1695,2.9405293798648673
1696,2.941266017101266
1697,2.940873253426048
1698,2.940869062678471
1699,2.941849033422607
1700,2.9414564673136216
1701,2.9420505571011977
1702,2.9428839692214983
1703,2.9420401374111247
1704,2.941250600825374
1705,2.941744528831797
1706,2.9407575451284282
1707,2.9405762947157905
1708,2.940462322460154
1709,2.9400311622935917
1710,2.939445769649489
1711,2.939016743014078
1712,2.9388690442041883
1713,2.938271957629437
1714,2.9387768336945483
1715,2.9377749021454043
1716,2.9380289584441197
1717,2.9385240488509976
1718,2.93854790993876
1719,2.938149477534749
1720,2.9377411438922834
1721,2.937430964024133
1722,2.9377247554967316
1723,2.9384089781038285
1724,2.9392811739046043
1725,2.9404995815572357
1726,2.941016319018786
1727,2.9404148404451633
1728,2.93974735672419
1729,2.939998332045564
1730,2.9403674730911535
1731,2.940856197488286
1732,2.9418134842962265
1733,2.942194292774535
1734,2.9412238273371867
1735,2.9418147592348483
1736,2.9409822404924792
1737,2.9410170590429674
1738,2.9406578705757984
1739,2.9399098204071463
1740,2.94094454611932
1741,2.941310957646469
1742,2.9396909552264106
1743,2.9403138670998983
1744,2.9407692778411727
1745,2.9404009485011273
1746,2.9402451719826455
1747,2.93997003245752
1748,2.938664132447184
1749,2.93888834618961
1750,2.93836858680269
1751,2.9386331190933634
1752,2.9388425293693565
1753,2.9386489787398147
1754,2.9390542967899758
1755,2.9395778910151598
1756,2.9399945755394974
1757,2.9392928743476174
1758,2.9392659234275893
1759,2.939254701557987
1760,2.939378591741268
1761,2.939837657423993
1762,2.9391541445005185
1763,2.9395793649363378
1764,2.9390222139358526
1765,2.939285263974461
1766,2.9393120622166578
1767,2.938408007169346
1768,2.938733695670108
1769,2.9374092149033344
1770,2.9367996394988523
1771,2.936939477943086
1772,2.9381543593681836
1773,2.9385196890890275
1774,2.9383349884946233
1775,2.9385194854025953
1776,2.9385660862709164
1777,2.9385186364986744
1778,2.9382180768910153
1779,2.9377894172004795
1780,2.9372648451539085
1781,2.9365929740276426
1782,2.9357888301669717
1783,2.9365263270072397
1784,2.936535863060489
1785,2.936579656132862
1786,2.9360260532092686
1787,2.935410505821029
1788,2.9353982439444586
1789,2.9351426170883226
1790,2.9334556448412052
1791,2.933226739110844
1792,2.9332816441104517
1793,2.9323980245883434
1794,2.9319997585389954
1795,2.9319167509033326
1796,2.9312862183382022
1797,2.9321357777971
1798,2.9320481066722084
1799,2.930804040624835
1800,2.9307300100762994
1801,2.9303475047443857
1802,2.929925822810949
1803,2.9301619708906457
1804,2.9300877720117255
1805,2.929712854761084
1806,2.930207285298905
1807,2.9302930160611504
1808,2.9299805144065925
1809,2.9311062867016453
1810,2.931401974098004
1811,2.931468290289171
1812,2.9320009838620664
1813,2.932058568582624
1814,2.9318107133581304
1815,2.932072303138988
1816,2.9315234545416735
1817,2.929888595972285
1818,2.9295084109501577
1819,2.9293452025711826
1820,2.9294214296236847
1821,2.9300608744774843
1822,2.9301532768977707
1823,2.929570910060672
1824,2.928719623699182
1825,2.928051618759682
1826,2.9281790299695865
1827,2.929206378509
1828,2.929605741031348
1829,2.929416410124867
1830,2.9290127218069784
1831,2.9283609784496742
1832,2.9279467189102326
1833,2.9280478897467894
1834,2.927997643692545
1835,2.927714223923276
1836,2.9279881248712742
1837,2.92665011188632
1838,2.9267754146512432
1839,2.9265964409094454
1840,2.9261309334979724
1841,2.925161544252023
1842,2.9251557532422687
1843,2.925491063097257
1844,2.9246508878543045
1845,2.925332343084193
1846,2.9254850218555646
1847,2.925524389454115
1848,2.925923506969683
1849,2.924708780657115
1850,2.9254949147986933
1851,2.924948353697685
1852,2.9235563899586072
1853,2.923509519251878
1854,2.9230029808783065
1855,2.9225828507010982
1856,2.921861936979025
1857,2.921417827847506
1858,2.921218459825729
1859,2.9206395184382807
1860,2.9208729503984174
1861,2.921116626568031
1862,2.9208842751179187
1863,2.920689386804382
1864,2.9206783246090624
1865,2.920789657666067
1866,2.921499301381997
1867,2.9221932215753657
1868,2.922044874553854
1869,2.9225370846657124
1870,2.922196761661732
1871,2.9208813226362746
1872,2.9189933413519786
1873,2.9179194047686194
1874,2.9177400594457508
1875,2.9181172198676846
1876,2.9177921679777783
1877,2.9179814965835664
1878,2.917584224663616
1879,2.9178494302523954
1880,2.918117187947834
1881,2.9174753657282424
1882,2.9174796075436946
1883,2.9168477632027976
1884,2.917143579432119
1885,2.9164927862299335
1886,2.9168277158324254
1887,2.916723997414779
1888,2.916712178898115
1889,2.917199948618745
1890,2.9176429002358937
1891,2.9169237437871742
1892,2.9169045562775358
1893,2.9172015286759883
1894,2.916840943429222
1895,2.916644524060353
1896,2.9165964631748307
1897,2.915722104531714
1898,2.915745062494785
1899,2.9157461220859164
1900,2.915803701383603
1901,2.9155016716710724
1902,2.9146290682900524
1903,2.915541357986453
1904,2.9163619557294056
1905,2.9155019828772795
1906,2.915825873815149
1907,2.9153756828744606
1908,2.9150798605444037
1909,2.9138433696871853
1910,2.9138423283295
1911,2.913436822475549
1912,2.913066129336042
1913,2.912804118653872
1914,2.91279606379578
1915,2.9129060991816145
1916,2.912534314278247
1917,2.9131542476117893
1918,2.9140331353401194
1919,2.914639171536658
1920,2.9144045956405984
1921,2.914020852439985
1922,2.9135752132638943
1923,2.9137636611875424
1924,2.913928297163922
1925,2.913613528431084
1926,2.91312113369037
1927,2.912900618357773
1928,2.9126998291799104
1929,2.9128508787364153
1930,2.913294402771807
1931,2.9134453097106454
1932,2.913467826830614
1933,2.9130472877532374
1934,2.913121881945203
1935,2.9126106525885156
1936,2.9124590707812636
1937,2.9132487679602934
1938,2.912590380127562
1939,2.913124835170562
1940,2.9120628643576283
1941,2.9121646433584796
1942,2.91219163941044
1943,2.911321443217632
1944,2.91198263287549
1945,2.9114432127503536
1946,2.910959926696125
1947,2.9106144622117553
1948,2.91116216847163
1949,2.9118387507911097
1950,2.9112073098109157
1951,2.9106599019233386
1952,2.911820165773104
1953,2.9114891235595053
1954,2.9116422056251623
1955,2.912095377388796
1956,2.912527965247707
1957,2.9131343991103917
1958,2.9131059648867614
1959,2.913198062079078
1960,2.913434917395229
1961,2.9125005323834934
1962,2.9130256590508106
1963,2.9123777364267234
1964,2.9125386894491334
1965,2.912207739524096
1966,2.911004578478452
1967,2.9104191284236816
1968,2.9104910503599797
1969,2.910047448366166
1970,2.9101044442023727
1971,2.911256260896505
1972,2.9125257526658284
1973,2.912224430647914
1974,2.911547931061104
1975,2.9107265235206534
1976,2.9104430670306556
1977,2.9099084342599855
1978,2.9093808881965644
1979,2.9097931070632694
1980,2.9090456934608007
1981,2.909237976927153
1982,2.909777674897594
1983,2.909622100510565
1984,2.9088535334481933
1985,2.90929113647731
1986,2.908670113868132
1987,2.90956938541977
1988,2.9102607761933736
1989,2.9094860994180696
1990,2.9097161419760136
1991,2.910552071896705
1992,2.910489693778719
1993,2.910641112394657
1994,2.910685970215443
1995,2.9107243968587695
1996,2.910828043966411
1997,2.910404446877004
1998,2.910249561165117
1999,2.9101792845449928
2000,2.9100920756384228
2001,2.9107810557588905
2002,2.911373626352854
2003,2.91088641545891
2004,2.910227681046196
2005,2.9116128548556985
2006,2.911682554294572
2007,2.9117459171265283
2008,2.912196701065339
2009,2.91223849909884
2010,2.9123999467524375
2011,2.9120095584697476
2012,2.9115905907968083
2013,2.911177400489395
2014,2.9112373718226103
2015,2.9114310377914396
2016,2.9116067808750845
2017,2.9115263670764175
2018,2.910835286595394
2019,2.9101886888514628
2020,2.9095710530092846
2021,2.9091177396815144
2022,2.9094375498802645
2023,2.9094966232187067
2024,2.9089002064848457
2025,2.9096696985083184
2026,2.9098515164904355
2027,2.909950012940152
2028,2.909360658657214
2029,2.90916328532195
2030,2.9085025651097025
2031,2.908962116811426
2032,2.9087017128656862
2033,2.908787166065596
2034,2.9091422328504337
2035,2.909352618920762
2036,2.908829892526777
2037,2.9089147874272823
2038,2.909336307536055
2039,2.9096794873917524
2040,2.91112664925745
2041,2.91092457491488
2042,2.9105095728295023
2043,2.911041534278721
2044,2.91080412648566
2045,2.91035252056167
2046,2.910604446906612
2047,2.9107143965826636
2048,2.909927342925138
2049,2.9088073654228297
2050,2.9092285099897977
2051,2.9094193969461095
2052,2.9105797146782972
2053,2.910476259407945
2054,2.910536382795279
2055,2.910338214212315
2056,2.9099198308632377
2057,2.909527850210838
2058,2.908658166124323
2059,2.908505700156026
2060,2.9073828099147345
2061,2.9077246565358807
2062,2.906690097869374
2063,2.907630076313576
2064,2.907775735072166
2065,2.9077033008771047
2066,2.9081421872543944
2067,2.9078729847855467
2068,2.9078412758401466
2069,2.907188770320102
2070,2.9078921946843015
2071,2.907224072208972
2072,2.9072036810959476
2073,2.907206971078105
2074,2.9076615707420355
2075,2.908516071771209
2076,2.908668795264692
2077,2.908180006336675
2078,2.908530285256711
2079,2.908558406433573
2080,2.9085736344570625
2081,2.9084234166994407
2082,2.9079792446340975
2083,2.9081495863614992
2084,2.9079401875207807
2085,2.908620923997979
2086,2.908355070698845
2087,2.907189482605915
2088,2.9051856983777564
2089,2.9054686402609065
2090,2.906384321941486
2091,2.905792627100496
2092,2.9057006460046195
2093,2.9055717735708555
2094,2.9059387340328975
2095,2.9061340515785967
2096,2.906941551661717
2097,2.906690577258172
2098,2.9070197488704377
2099,2.9068519441809566
2100,2.9067935492681145
2101,2.9068502152752624
2102,2.90774093687924
2103,2.907623137517604
2104,2.9081633638027165
2105,2.906889134500685
2106,2.9067361721156995
2107,2.9065624367771163
2108,2.9059137991225708
2109,2.905662539843087
2110,2.9056066498159407
2111,2.9062598436730576
2112,2.9063798668741345
2113,2.906576334102104
2114,2.9068060401107605
2115,2.9065713826218134
2116,2.906770258137067
2117,2.9068922997759343
2118,2.906751993701483
2119,2.9060908178815965
2120,2.9063303786526995
2121,2.9062648196956804
2122,2.906209360794826
2123,2.9061668598006962
2124,2.9065739442018694
2125,2.9055050635063577
2126,2.9048894260406968
2127,2.9049107642015777
2128,2.9056553370230365
2129,2.9052800745705922
2130,2.9047612913065954
2131,2.9035628347652365
2132,2.9036271113895475
2133,2.903207794676578
2134,2.902702940429711
2135,2.9022221898268055
2136,2.9027957167670775
2137,2.902352885867896
2138,2.9019108262474136
2139,2.90125863669573
2140,2.900246319668518
2141,2.8999962077178427
2142,2.900961510034849
2143,2.900456517112836
2144,2.900549262627609
2145,2.900294083541716
2146,2.9008293892316805
2147,2.900871274871071
2148,2.9012236661505604
2149,2.9017520288514724
2150,2.9018551947757514
2151,2.9021989019309733
2152,2.900752447349144
2153,2.9013325490454336
2154,2.900751796018755
2155,2.900114208024302
2156,2.900487911428247
2157,2.9009143223108396
2158,2.9013801380700572
2159,2.901170781263602
2160,2.9019408853548985
2161,2.9021698495802064
2162,2.903053782909564
2163,2.9023289576175544
2164,2.901911159946174
2165,2.901674699653937
2166,2.902250257032801
2167,2.9025456765297553
2168,2.901822117896412
2169,2.902603485584292
2170,2.9026727117088726
2171,2.9023652451879793
2172,2.901809185747675
2173,2.9017007254959872
2174,2.9009817768092985
2175,2.9004875668441894
2176,2.899582623911461
2177,2.8995814806789246
2178,2.898649344806811
2179,2.8975095450151027
2180,2.8983266417104177
2181,2.898010893115104
2182,2.8979083032104755
2183,2.8972740569481266
2184,2.897490712145222
2185,2.8961272266207136
2186,2.8957919057618757
2187,2.896325909289708
2188,2.897556442287975
2189,2.8968616509998824
2190,2.8961108518028307
2191,2.8960284316803335
2192,2.896015116967953
2193,2.8959298160415643
2194,2.896441035990673
2195,2.895999795925145
2196,2.8958104960275914
2197,2.89523756444088
2198,2.8945708237111627
2199,2.894320503526856
2200,2.8936871580695724
2201,2.8931031309799344
2202,2.892603429663653
2203,2.8924578823210734
2204,2.892229014780332
2205,2.892796517011522
2206,2.8929725339539796
2207,2.892925338273493
2208,2.8926948687299108
2209,2.8928200824331327
2210,2.8928648363270573
2211,2.892422380825364
2212,2.8920047505060267
2213,2.8919920815725395
2214,2.890867132884923
2215,2.8903315158721243
2216,2.8896287728503034
2217,2.888989535702423
2218,2.888619958966089
2219,2.8886456458921135
2220,2.888200290506832
2221,2.888510018773913
2222,2.888408316806732
2223,2.888230502960427
2224,2.8886519832380873
2225,2.888906258114632
2226,2.888872599265982
2227,2.887436934288204
2228,2.887219379662986
2229,2.8869465093281033
2230,2.88718605759376
2231,2.8878571456525357
2232,2.887607394382869
2233,2.8873221298996925
2234,2.8876321128368847
2235,2.8881665282432376
2236,2.888176066871213
2237,2.888307963301301
2238,2.889267390931869
2239,2.889898948626457
2240,2.889789587398882
2241,2.8891905640391378
2242,2.8891569726668664
2243,2.8885454281449494
2244,2.888179951110424
2245,2.8885948387944063
2246,2.888081510091372
2247,2.887521908527185
2248,2.8873166815260083
2249,2.888198797235254
2250,2.8883812642262137
2251,2.8877604457041803
2252,2.8882566453552183
2253,2.8878842328543124
2254,2.888189313173013
2255,2.8890455699885065
2256,2.888067743931726
2257,2.887520684216721
2258,2.887343927211979
2259,2.886881388537889
2260,2.887527476435772
2261,2.8869891984275307
2262,2.8862421496596973
2263,2.8865803696752033
2264,2.886990739577796
2265,2.88745140195492
2266,2.886494899704155
2267,2.88633318586342
2268,2.8866188087049056
2269,2.8869250794441386
2270,2.8861399383396735
2271,2.8863376524478106
2272,2.886543058968794
2273,2.8866976757837257
2274,2.8864907073373174
2275,2.8862051096194947
2276,2.8868010301539675
2277,2.8866373448870153
2278,2.887230275120049
2279,2.8871453990879683
2280,2.886133992909911
2281,2.8868455439824943
2282,2.8871174581543952
2283,2.886802366818356
2284,2.8861630340368283
2285,2.8861202917086985
2286,2.8865368481434825
2287,2.8867104778626294
2288,2.8863247202169475
2289,2.8871791923557235
2290,2.886722911593367
2291,2.8876525339285486
2292,2.8872710812887363
2293,2.886208641940683
2294,2.8847745979975343
2295,2.8845110907014844
2296,2.8837542374906375
2297,2.8847124783247198
2298,2.8846971721078303
2299,2.8861155952201387
2300,2.886205452692417
2301,2.8860490690278096
2302,2.885741031284303
2303,2.8853241623572865
2304,2.8847705545832127
2305,2.884154072553859
2306,2.88443278347623
2307,2.884275150683015
2308,2.8844574411819495
2309,2.884776437474983
2310,2.884022889863223
2311,2.883569620684308
2312,2.8837260405120104
2313,2.8846747569402815
2314,2.885149479370814
2315,2.885603076165895
2316,2.8868442641985155
2317,2.8872730965697833
2318,2.88648811642292
2319,2.8866982497892675
2320,2.887146518139435
2321,2.8871812685699956
2322,2.887315907755814
2323,2.8866105314282975
2324,2.8863175360613615
2325,2.886394720301587
2326,2.8872702623459894
2327,2.888599242814788
2328,2.8879146385585512
2329,2.888247120766133
2330,2.888686251160986
2331,2.887733310582441
2332,2.8880242738465602
2333,2.887689921244995
2334,2.887834832646286
2335,2.8869934213186816
2336,2.886238937996026
2337,2.8859705717531527
2338,2.884240874949825
2339,2.8836142046145348
2340,2.8832169136258905
2341,2.883909078480827
2342,2.8832076411727927
2343,2.8844136918707886
2344,2.885186064063449
2345,2.8845967616439623
2346,2.8844768101671012
2347,2.884844787025587
2348,2.8841776500553324
2349,2.883520760990708
2350,2.8832674586678952
2351,2.882894411447075
2352,2.8819855225263336
2353,2.8816920030581397
2354,2.881221897323656
2355,2.8805026656459387
2356,2.881963687173159
2357,2.8823723104220766
2358,2.8822289222156234
2359,2.8823608207074716
2360,2.881735764353583
2361,2.8816541349811318
2362,2.8810117718046944
2363,2.88047741740943
2364,2.8794539539065394
2365,2.8784868465431153
2366,2.8780141393358343
2367,2.877404365961505
2368,2.87711838251691
2369,2.8765893605250517
2370,2.8770453152973983
2371,2.8777270621362
2372,2.8769752915622395
2373,2.876947517904134
2374,2.8776298725977103
2375,2.8776106723451256
2376,2.8772139739158358
2377,2.877290893676418
2378,2.8769493956959944
2379,2.878225005637728
2380,2.8777206764138463
2381,2.8771282109896545
2382,2.8770776343459983
2383,2.8778306106761984
2384,2.878591533771459
2385,2.8788675128133847
2386,2.8788784309614748
2387,2.877941747509196
2388,2.8778715559206733
2389,2.8771957997251776
2390,2.8774318818167517
2391,2.8770513469398367
2392,2.876913083494061
2393,2.8772441936699416
2394,2.876807932578717
2395,2.876604117135677
2396,2.876436800656719
2397,2.8763510279129734
2398,2.875865476184278
2399,2.8744534302666676
2400,2.8739550675491925
2401,2.873210178415142
2402,2.8728185546729783
2403,2.8725388098739018
2404,2.8727912578971995
2405,2.872968170424377
2406,2.8722241028957267
2407,2.8717375862250623
2408,2.8718656452230418
2409,2.8719161173787593
2410,2.8719682793981813
2411,2.8724154815259118
2412,2.8720334865366874
2413,2.8706899016299205
2414,2.8702345117485577
2415,2.8697589616428054
2416,2.8692509885775417
2417,2.8698028181840503
2418,2.8706184198834235
2419,2.8707748464626075
2420,2.8700657922977637
2421,2.8698443822256956
2422,2.8694105708082627
2423,2.869766622177808
2424,2.8696558961029406
2425,2.869750190697914
2426,2.8690422842688896
2427,2.868706379898414
2428,2.869285996198975
2429,2.868946269681309
2430,2.868151108566189
2431,2.867741695656741
2432,2.8669217953846156
2433,2.86686682726682
2434,2.8663325523295846
2435,2.86665456414478
2436,2.8666461228804367
2437,2.867223754460688
2438,2.8671251086315634
2439,2.867493727600756
2440,2.867900721818415
2441,2.8676691522612527
2442,2.8676645082742316
2443,2.8665703596076786
2444,2.865984753580608
2445,2.8661555795131846
2446,2.865749184585941
2447,2.8652013771953846
2448,2.865728080185613
2449,2.8655771853380942
2450,2.864249897388482
2451,2.8650186265757025
2452,2.8653896490987676
2453,2.8655791656140623
2454,2.865405994520575
2455,2.8657921671902202
2456,2.864339199020465
2457,2.864408014655918
2458,2.8644859900225765
2459,2.863996310265914
2460,2.8638628259066934
2461,2.863985791444792
2462,2.8648750372779834
2463,2.8651077328613157
2464,2.8654597352027738
2465,2.8666775700065266
2466,2.868086524887689
2467,2.8686619981867945
2468,2.8688340550562184
2469,2.86802868635312
2470,2.8683958764408777
2471,2.867619064554012
2472,2.8673979392324083
2473,2.867791983794208
2474,2.867918833450005
2475,2.8673974365078827
2476,2.8674683248642054
2477,2.867441929165819
2478,2.8677366364852075
2479,2.867068755157406
2480,2.86730470332144
2481,2.8664550832159263
2482,2.865385288468363
2483,2.8649212434421343
2484,2.8650198111346628
2485,2.8657718059743797
2486,2.8654659510148615
2487,2.864614074907476
2488,2.8646927935405198
2489,2.8639424002164855
2490,2.863476838134323
2491,2.8627000899045925
2492,2.8630460132560147
2493,2.863266246996223
2494,2.864698781231214
2495,2.8658252326232754
2496,2.865862301531252
2497,2.8649089478403544
2498,2.864783548321581
2499,2.864603337287301
2500,2.865093970204272
2501,2.86625620601911
2502,2.8672149061170153
2503,2.867886239474311
2504,2.86700475480991
2505,2.8674940109624094
2506,2.8674016047658664
2507,2.8668881569043414
2508,2.8665550451979276
2509,2.8663228302595933
2510,2.8662232090667703
2511,2.8651013059132087
2512,2.8645197008475685
2513,2.8651012898257573
2514,2.8650908090357023
2515,2.8653280087134774
2516,2.8653098320419423
2517,2.8646213481323195
2518,2.8652406408458035
2519,2.8644729690681374
2520,2.86588542405433
2521,2.8657780005020546
2522,2.8648283726457136
2523,2.865085838985848
2524,2.8647668257703676
2525,2.863909668157213
2526,2.864322708321648
2527,2.863746349034545
2528,2.863510898796759
2529,2.864302562352182
2530,2.86495780543731
2531,2.865780937542752
2532,2.865974335540884
2533,2.865949491365778
2534,2.86617467701435
2535,2.8666896193541165
2536,2.8659693484509305
2537,2.865839213933463
2538,2.8661121733799355
2539,2.865039890441781
2540,2.86528467387945
2541,2.865362043918217
2542,2.8659138699502646
2543,2.866438515803209
2544,2.8663056927088646
2545,2.865869948642148
2546,2.8662643944273523
2547,2.8663404394231797
2548,2.866325439620503
2549,2.8661164703594597
2550,2.8663570015214868
2551,2.8660674238625834
2552,2.8664281088483903
2553,2.8657438629342944
2554,2.8664925324903536
2555,2.86597775226104
2556,2.866155894641241
2557,2.865463567350176
2558,2.8660765261339067
2559,2.866774755824847
2560,2.867058532386133
2561,2.8664866150616275
2562,2.866237470056479
2563,2.8659089176946666
2564,2.865367852198064
2565,2.8650519081584895
2566,2.864092173962587
2567,2.8631653271034114
2568,2.8628453785236547
2569,2.863484010592156
2570,2.862571303234678
2571,2.862238773064949
2572,2.862150648230845
2573,2.86207096708888
2574,2.8626268131315187
2575,2.8634548976580056
2576,2.8633197960958556
2577,2.8631334683460996
2578,2.8629899100493668
2579,2.862243922896003
2580,2.8625583173191576
2581,2.863223981382914
2582,2.8644106570405423
2583,2.865122928570632
2584,2.8647724229713902
2585,2.8644403784827572
2586,2.864163888402491
2587,2.8657231919218105
2588,2.8645213209118543
2589,2.865081035963905
2590,2.865136418889469
2591,2.8663980287233746
2592,2.8659442838802587
2593,2.8659602957310732
2594,2.8650938484340362
2595,2.864584252090744
2596,2.8645662116646617
2597,2.864847988429568
2598,2.8654897376465907
2599,2.865324048493814
2600,2.865047303467114
2601,2.8643787262773692
2602,2.8638257502734046
2603,2.863379930893524
2604,2.8639567804596986
2605,2.864044904774735
2606,2.8645946133637414
2607,2.8654823907372156
2608,2.866250879743691
2609,2.8655247970513824
2610,2.8653251040393157
2611,2.8668133029177043
2612,2.8680448621403842
2613,2.867822599548571
2614,2.868138508804833
2615,2.8680288969879637
2616,2.8679357394846297
2617,2.8678564705231735
2618,2.867373482563187
2619,2.8677039413684993
2620,2.8665711232953184
2621,2.866890546006357
2622,2.8682643084646395
2623,2.868775496714893
2624,2.868561789715966
2625,2.8693490967751187
2626,2.868890617925589
2627,2.8694994826635503
2628,2.86855979353289
2629,2.867394113648869
2630,2.8668689195241672
2631,2.8663778533275637
2632,2.8671051981715268
2633,2.8674950032312148
2634,2.8668245506348207
2635,2.8660821347734884
2636,2.8661712541754856
2637,2.8654554996122363
2638,2.8657368472146447
2639,2.8657261806813574
2640,2.8657802544329014
2641,2.865890314397967
2642,2.8648298663274083
2643,2.864942841520486
2644,2.864684035963756
2645,2.8646382628938802
2646,2.8649764146203496
2647,2.864585633161353
2648,2.8649178544565332
2649,2.8649585605741894
2650,2.8647678022847174
2651,2.8646111204755518
2652,2.8641616495852364
2653,2.863860931147104
2654,2.863210261560822
2655,2.863119219870448
2656,2.8642750665289225
2657,2.8641734224449165
2658,2.8637235971747175
2659,2.863534223078239
2660,2.863525594156806
2661,2.863383595169223
2662,2.8632160242701366
2663,2.863371107172274
2664,2.8640137281397973
2665,2.8627481470025566
2666,2.862503300959095
2667,2.8625186287036093
2668,2.8627723954466715
2669,2.861444427994676
2670,2.8624378417875054
2671,2.8631837180731377
2672,2.8639170389149253
2673,2.86335050736241
