episode,cumulative_reward
0,79
1,156
2,161
3,62
4,135
5,80
6,57
7,171
8,67
9,53
10,132
11,77
12,66
13,155
14,83
15,86
16,158
17,135
18,92
19,70
20,92
21,80
22,91
23,74
24,53
25,53
26,164
27,52
28,143
29,63
30,72
31,53
32,73
33,98
34,63
35,95
36,76
37,66
38,150
39,166
40,153
41,94
42,64
43,92
44,124
45,89
46,149
47,93
48,91
49,135
50,74
51,50
52,154
53,63
54,160
55,59
56,144
57,136
58,82
59,75
60,86
61,85
62,146
63,70
64,153
65,160
66,139
67,91
68,143
69,64
70,149
71,41
72,131
73,74
74,126
75,169
76,97
77,76
78,161
79,147
80,95
81,83
82,142
83,153
84,154
85,164
86,139
87,141
88,135
89,146
90,151
91,68
92,140
93,84
94,90
95,147
96,86
97,117
98,140
99,97
100,150
101,159
102,89
103,47
104,137
105,74
106,136
107,97
108,55
109,70
110,165
111,140
112,152
113,171
114,100
115,119
116,84
117,64
118,90
119,172
120,88
121,84
122,154
123,81
124,150
125,157
126,78
127,158
128,152
129,150
130,83
131,137
132,61
133,170
134,82
135,55
136,84
137,160
138,151
139,158
140,78
141,84
142,133
143,86
144,138
145,86
146,163
147,72
148,82
149,77
150,134
151,152
152,79
153,79
154,76
155,71
156,140
157,77
158,73
159,82
160,151
161,170
162,151
163,154
164,131
165,75
166,140
167,137
168,116
169,140
170,132
171,88
172,74
173,160
174,158
175,75
176,149
177,86
178,67
179,86
180,163
181,90
182,137
183,97
184,165
185,62
186,157
187,92
188,95
189,153
190,172
191,154
192,165
193,153
194,157
195,88
196,143
197,152
198,80
199,135
200,144
201,159
202,135
203,147
204,151
205,163
206,158
207,132
208,134
209,85
210,138
211,145
212,84
213,78
214,159
215,78
216,155
217,72
218,155
219,165
220,145
221,148
222,160
223,61
224,159
225,156
226,166
227,88
228,163
229,143
230,154
231,100
232,96
233,146
234,141
235,146
236,149
237,85
238,173
239,95
240,147
241,85
242,140
243,152
244,95
245,124
246,154
247,61
248,79
249,159
250,95
251,72
252,82
253,88
254,153
255,93
256,136
257,149
258,170
259,84
260,95
261,124
262,70
263,160
264,131
265,172
266,85
267,156
268,154
269,76
270,88
271,150
272,155
273,81
274,135
275,86
276,45
277,97
278,81
279,168
280,171
281,95
282,65
283,87
284,164
285,62
286,71
287,147
288,83
289,144
290,136
291,86
292,153
293,158
294,135
295,60
296,169
297,85
298,78
299,155
300,141
301,94
302,144
303,95
304,86
305,150
306,96
307,141
308,86
309,145
310,152
311,72
312,161
313,143
314,86
315,93
316,133
317,71
318,174
319,138
320,170
321,133
322,68
323,80
324,161
325,155
326,162
327,137
328,163
329,82
330,46
331,138
332,136
333,82
334,129
335,128
336,63
337,145
338,74
339,150
340,148
341,85
342,163
343,55
344,133
345,75
346,144
347,86
348,96
349,74
350,73
351,43
352,76
353,83
354,174
355,168
356,163
357,59
358,138
359,94
360,146
361,155
362,151
363,161
364,159
365,167
366,80
367,85
368,65
369,62
370,57
371,79
372,151
373,91
374,149
375,152
376,67
377,84
378,135
379,59
380,128
381,162
382,145
383,74
384,157
385,82
386,162
387,137
388,76
389,93
390,57
391,153
392,156
393,147
394,163
395,94
396,123
397,85
398,127
399,75
400,149
401,130
402,86
403,149
404,92
405,66
406,137
407,63
408,140
409,145
410,70
411,86
412,154
413,81
414,94
415,154
416,173
417,162
418,73
419,169
420,158
421,154
422,94
423,154
424,130
425,77
426,48
427,56
428,152
429,74
430,84
431,151
432,70
433,149
434,130
435,96
436,138
437,150
438,165
439,166
440,163
441,163
442,142
443,157
444,85
445,79
446,75
447,147
448,168
449,131
450,79
451,137
452,147
453,68
454,75
455,87
456,138
457,153
458,62
459,143
460,134
461,126
462,80
463,143
464,138
465,162
466,84
467,90
468,150
469,163
470,76
471,143
472,147
473,155
474,79
475,160
476,150
477,152
478,86
479,135
480,81
481,71
482,157
483,169
484,133
485,127
486,161
487,147
488,136
489,138
490,151
491,71
492,91
493,170
494,137
495,175
496,88
497,78
498,86
499,78
500,94
501,161
502,87
503,93
504,158
505,118
506,94
507,161
508,143
509,78
510,154
511,151
512,163
513,86
514,140
515,151
516,158
517,81
518,68
519,95
520,148
521,73
522,164
523,100
524,171
525,94
526,155
527,63
528,85
529,161
530,97
531,73
532,85
533,92
534,147
535,143
536,81
537,127
538,169
539,146
540,86
541,167
542,73
543,134
544,166
545,72
546,84
547,167
548,78
549,90
550,72
551,147
552,127
553,93
554,87
555,157
556,96
557,75
558,88
559,144
560,61
561,163
562,153
563,81
564,86
565,80
566,78
567,162
568,169
569,161
570,133
571,81
572,76
573,77
574,153
575,126
576,76
577,69
578,127
579,92
580,75
581,82
582,95
583,156
584,74
585,134
586,70
587,94
588,156
589,85
590,134
591,162
592,83
593,155
594,156
595,93
596,158
597,163
598,132
599,166
600,155
601,86
602,97
603,79
604,133
605,146
606,157
607,155
608,73
609,156
610,82
611,161
612,84
613,143
614,161
615,92
616,143
617,86
618,86
619,148
620,60
621,84
622,94
623,153
624,154
625,163
626,80
627,69
628,143
629,154
630,97
631,128
632,142
633,151
634,162
635,75
636,83
637,127
638,163
639,96
640,86
641,146
642,146
643,119
644,53
645,94
646,153
647,125
648,174
649,74
650,85
651,152
652,140
653,131
654,83
655,77
656,164
657,144
658,142
659,152
660,146
661,153
662,163
663,145
664,132
665,79
666,78
667,161
668,157
669,86
670,88
671,137
672,126
673,171
674,148
675,144
676,86
677,87
678,134
679,71
680,143
681,125
682,143
683,88
684,72
685,61
686,153
687,143
688,150
689,90
690,126
691,97
692,135
693,89
694,144
695,127
696,144
697,126
698,75
699,73
700,138
701,144
702,135
703,162
704,158
705,67
706,139
707,124
708,138
709,98
710,148
711,79
712,143
713,70
714,87
715,151
716,136
717,151
718,81
719,144
720,59
721,73
722,75
723,170
724,141
725,124
726,162
727,86
728,76
729,96
730,169
731,56
732,135
733,87
734,95
735,64
736,93
737,84
738,166
739,169
740,61
741,132
742,93
743,139
744,169
745,161
746,157
747,125
748,81
749,86
750,158
751,147
752,136
753,65
754,170
755,152
756,161
757,89
758,102
759,88
760,87
761,83
762,83
763,78
764,136
765,89
766,79
767,84
768,135
769,141
770,73
771,70
772,154
773,73
774,86
775,149
776,40
777,75
778,84
779,165
780,130
781,84
782,153
783,73
784,65
785,157
786,137
787,86
788,144
789,151
790,147
791,142
792,94
793,85
794,149
795,162
796,143
797,73
798,156
799,162
800,70
801,78
802,60
803,143
804,84
805,127
806,84
807,97
808,82
809,152
810,129
811,170
812,74
813,118
814,57
815,152
816,74
817,139
818,96
819,160
820,141
821,81
822,137
823,57
824,88
825,136
826,76
827,149
828,80
829,77
830,153
831,159
832,143
833,153
834,67
835,136
836,169
837,70
838,128
839,171
840,161
841,86
842,138
843,142
844,85
845,82
846,156
847,94
848,146
849,75
850,144
851,64
852,78
853,92
854,132
855,162
856,75
857,134
858,66
859,139
860,87
861,149
862,88
863,69
864,81
865,134
866,84
867,156
868,147
869,158
870,148
871,71
872,95
873,80
874,91
875,145
876,147
877,97
878,86
879,160
880,81
881,140
882,150
883,83
884,160
885,150
886,152
887,140
888,83
889,144
890,145
891,156
892,171
893,85
894,171
895,94
896,66
897,95
898,158
899,99
900,168
901,155
902,149
903,163
904,157
905,76
906,154
907,158
908,155
909,144
910,71
911,72
912,156
913,155
914,159
915,145
916,143
917,144
918,94
919,162
920,152
921,161
922,164
923,118
924,65
925,161
926,158
927,79
928,166
929,85
930,154
931,83
932,141
933,125
934,90
935,98
936,147
937,154
938,137
939,118
940,84
941,141
942,144
943,120
944,161
945,139
946,144
947,160
948,83
949,76
950,68
951,119
952,84
953,152
954,161
955,83
956,71
957,158
958,144
959,161
960,117
961,128
962,152
963,55
964,148
965,137
966,76
967,142
968,48
969,163
970,138
971,93
972,165
973,150
974,128
975,154
976,74
977,75
978,128
979,80
980,93
981,160
982,136
983,82
984,83
985,54
986,141
987,85
988,69
989,162
990,146
991,148
992,161
993,43
994,150
995,142
996,85
997,113
998,146
999,76
1000,154
1001,155
1002,161
1003,115
1004,147
1005,135
1006,150
1007,164
1008,65
1009,139
1010,141
1011,123
1012,78
1013,77
1014,170
1015,77
1016,60
1017,155
1018,161
1019,145
1020,145
1021,66
1022,84
1023,159
1024,132
1025,89
1026,92
1027,141
1028,152
1029,151
1030,144
1031,143
1032,70
1033,85
1034,82
1035,81
1036,153
1037,154
1038,163
1039,88
1040,162
1041,74
1042,151
1043,132
1044,147
1045,68
1046,99
1047,144
1048,84
1049,89
1050,152
1051,145
1052,74
1053,163
1054,72
1055,150
1056,172
1057,154
1058,139
1059,97
1060,153
1061,136
1062,147
1063,65
1064,131
1065,85
1066,169
1067,169
1068,149
1069,146
1070,136
1071,82
1072,155
1073,82
1074,133
1075,136
1076,80
1077,148
1078,151
1079,76
1080,174
1081,174
1082,78
1083,76
1084,96
1085,131
1086,144
1087,142
1088,144
1089,151
1090,90
1091,145
1092,174
1093,87
1094,151
1095,88
1096,138
1097,150
1098,124
1099,73
1100,119
1101,136
1102,85
1103,162
1104,68
1105,77
1106,130
1107,79
1108,161
1109,136
1110,137
1111,116
1112,166
1113,131
1114,97
1115,155
1116,77
1117,146
1118,145
1119,70
1120,83
1121,136
1122,72
1123,171
1124,139
1125,141
1126,151
1127,146
1128,143
1129,144
1130,157
1131,169
1132,69
1133,93
1134,155
1135,141
1136,54
1137,149
1138,162
1139,160
1140,125
1141,64
1142,140
1143,92
1144,98
1145,132
1146,168
1147,131
1148,83
1149,99
1150,82
1151,153
1152,88
1153,95
1154,138
1155,70
1156,125
1157,145
1158,121
1159,55
1160,158
1161,50
1162,161
1163,93
1164,68
1165,127
1166,154
1167,92
1168,93
1169,153
1170,90
1171,83
1172,78
1173,125
1174,78
1175,82
1176,160
1177,100
1178,119
1179,85
1180,161
1181,152
1182,154
1183,161
1184,85
1185,158
1186,95
1187,94
1188,73
1189,161
1190,76
1191,137
1192,73
1193,162
1194,153
1195,75
1196,127
1197,161
1198,85
1199,74
1200,168
1201,164
1202,149
1203,173
1204,150
1205,158
1206,70
1207,127
1208,84
1209,152
1210,162
1211,81
1212,79
1213,69
1214,138
1215,96
1216,130
1217,84
1218,89
1219,154
1220,135
1221,83
1222,93
1223,94
1224,159
1225,152
1226,155
1227,137
1228,80
1229,69
1230,153
1231,68
1232,151
1233,141
1234,151
1235,71
1236,133
1237,132
1238,155
1239,82
1240,150
1241,98
1242,166
1243,144
1244,154
1245,156
1246,77
1247,161
1248,155
1249,149
1250,118
1251,146
1252,146
1253,132
1254,70
1255,96
1256,164
1257,86
1258,73
1259,90
1260,150
1261,149
1262,157
1263,158
1264,153
1265,139
1266,86
1267,171
1268,170
1269,149
1270,150
1271,62
1272,145
1273,142
1274,66
1275,161
1276,161
1277,170
1278,141
1279,146
1280,84
1281,173
1282,141
1283,77
1284,85
1285,140
1286,153
1287,60
1288,174
1289,95
1290,163
1291,144
1292,149
1293,160
1294,163
1295,149
1296,134
1297,151
1298,161
1299,73
1300,163
1301,85
1302,154
1303,140
1304,76
1305,83
1306,92
1307,101
1308,165
1309,74
1310,133
1311,154
1312,159
1313,82
1314,140
1315,151
1316,79
1317,170
1318,156
1319,60
1320,140
1321,134
1322,138
1323,86
1324,165
1325,146
1326,161
1327,152
1328,155
1329,89
1330,128
1331,157
1332,86
1333,144
1334,157
1335,160
1336,133
1337,163
1338,117
1339,153
1340,91
1341,73
1342,73
1343,88
1344,122
1345,147
1346,134
1347,93
1348,135
1349,163
1350,153
1351,93
1352,130
1353,147
1354,70
1355,96
1356,148
1357,54
1358,60
1359,72
1360,142
1361,146
1362,159
1363,160
1364,144
1365,84
1366,71
1367,72
1368,78
1369,100
1370,70
1371,169
1372,161
1373,156
1374,62
1375,170
1376,80
1377,153
1378,144
1379,88
1380,70
1381,83
1382,92
1383,96
1384,96
1385,140
1386,93
1387,85
1388,148
1389,125
1390,142
1391,136
1392,73
1393,148
1394,146
1395,75
1396,131
1397,148
1398,137
1399,139
1400,162
1401,91
1402,82
1403,158
1404,85
1405,138
1406,125
1407,168
1408,89
1409,151
1410,168
1411,162
1412,159
1413,115
1414,150
1415,138
1416,158
1417,152
1418,151
1419,171
1420,158
1421,154
1422,84
1423,154
1424,97
1425,69
1426,86
1427,163
1428,158
1429,85
1430,137
1431,154
1432,147
1433,169
1434,84
1435,84
1436,93
1437,127
1438,89
1439,142
1440,163
1441,66
1442,147
1443,152
1444,161
1445,128
1446,88
1447,158
1448,152
1449,125
1450,149
1451,92
1452,87
1453,97
1454,87
1455,162
1456,142
1457,76
1458,86
1459,93
1460,73
1461,148
1462,173
1463,171
1464,67
1465,81
1466,146
1467,150
1468,147
1469,134
1470,85
1471,145
1472,85
1473,83
1474,151
1475,153
1476,86
1477,170
1478,86
1479,72
1480,161
1481,73
1482,158
1483,83
1484,170
1485,127
1486,156
1487,124
1488,136
1489,147
1490,128
1491,87
1492,123
1493,54
1494,77
1495,62
1496,80
1497,66
1498,139
1499,95
1500,155
1501,67
1502,159
1503,152
1504,85
1505,159
1506,64
1507,66
1508,161
1509,134
1510,153
1511,69
1512,153
1513,86
1514,83
1515,158
1516,162
1517,160
1518,126
1519,147
1520,79
1521,68
1522,152
1523,146
1524,172
1525,165
1526,161
1527,148
1528,147
1529,134
1530,85
1531,86
1532,166
1533,153
1534,147
1535,152
1536,144
1537,66
1538,156
1539,143
1540,62
1541,163
1542,153
1543,146
1544,143
1545,139
1546,166
1547,73
1548,62
1549,151
1550,134
1551,149
1552,151
1553,79
1554,86
1555,97
1556,83
1557,154
1558,154
1559,149
1560,144
1561,87
1562,71
1563,162
1564,168
1565,84
1566,150
1567,117
1568,75
1569,169
1570,144
1571,93
1572,163
1573,84
1574,151
1575,88
1576,91
1577,149
1578,136
1579,159
1580,144
1581,116
1582,68
1583,150
1584,155
1585,84
1586,150
1587,162
1588,139
1589,151
1590,145
1591,88
1592,142
1593,157
1594,152
1595,97
1596,165
1597,152
1598,145
1599,149
1600,124
1601,142
1602,160
1603,122
1604,158
1605,150
1606,54
1607,163
1608,132
1609,143
1610,148
1611,170
1612,141
1613,133
1614,57
1615,79
1616,88
1617,170
1618,83
1619,158
1620,92
1621,164
1622,151
1623,154
1624,145
1625,152
1626,153
1627,151
1628,146
1629,73
1630,93
1631,80
1632,82
1633,98
1634,84
1635,83
1636,152
1637,158
1638,159
1639,159
1640,150
1641,159
1642,119
1643,134
1644,167
1645,74
1646,71
1647,88
1648,163
1649,83
1650,73
1651,151
1652,89
1653,160
1654,155
1655,76
1656,153
1657,93
1658,165
1659,149
1660,150
1661,142
1662,81
1663,138
1664,143
1665,168
1666,168
1667,74
1668,167
1669,149
1670,76
1671,86
1672,99
1673,139
1674,144
1675,138
1676,101
1677,162
1678,137
1679,95
1680,162
1681,143
1682,89
1683,72
1684,93
1685,153
1686,153
1687,79
1688,99
1689,129
1690,94
1691,168
1692,159
1693,67
1694,137
1695,154
1696,165
1697,153
1698,146
1699,160
1700,75
1701,67
1702,83
1703,152
1704,84
1705,170
1706,166
1707,165
1708,126
1709,68
1710,127
1711,162
1712,85
1713,143
1714,172
1715,151
1716,94
1717,163
1718,159
1719,94
1720,167
1721,177
1722,77
1723,158
1724,151
1725,156
1726,77
1727,167
1728,160
1729,86
1730,54
1731,151
1732,81
1733,87
1734,85
1735,172
1736,165
1737,148
1738,84
1739,151
1740,126
1741,127
1742,74
1743,142
1744,117
1745,133
1746,118
1747,74
1748,74
1749,84
1750,151
1751,140
1752,146
1753,62
1754,160
1755,101
1756,172
1757,139
1758,150
1759,134
1760,95
1761,85
1762,86
1763,140
1764,164
1765,96
1766,78
1767,151
1768,148
1769,73
1770,155
1771,147
1772,143
1773,148
1774,146
1775,143
1776,84
1777,145
1778,89
1779,161
1780,87
1781,134
1782,164
1783,152
1784,165
1785,140
1786,155
1787,165
1788,153
1789,92
1790,140
1791,149
1792,153
1793,159
1794,86
1795,143
1796,77
1797,60
1798,163
1799,77
1800,90
1801,71
1802,90
1803,151
1804,159
1805,73
1806,143
1807,150
1808,76
1809,65
1810,91
1811,154
1812,168
1813,169
1814,164
1815,166
1816,82
1817,157
1818,152
1819,156
1820,90
1821,164
1822,160
1823,138
1824,149
1825,144
1826,143
1827,155
1828,149
1829,129
1830,63
1831,168
1832,94
1833,46
1834,87
1835,75
1836,87
1837,82
1838,171
1839,145
1840,81
1841,154
1842,139
1843,59
1844,171
1845,171
1846,162
1847,127
1848,148
1849,153
1850,95
1851,146
1852,79
1853,159
1854,152
1855,100
1856,126
1857,85
1858,139
1859,77
1860,162
1861,139
1862,167
1863,132
1864,86
1865,66
1866,144
1867,66
1868,169
1869,154
1870,146
1871,86
1872,122
1873,145
1874,169
1875,158
1876,151
1877,142
1878,160
1879,130
1880,150
1881,141
1882,154
1883,91
1884,143
1885,153
1886,150
1887,138
1888,152
1889,87
1890,143
1891,76
1892,146
1893,75
1894,132
1895,143
1896,67
1897,159
1898,83
1899,153
1900,147
1901,152
1902,149
1903,144
1904,96
1905,85
1906,145
1907,92
1908,97
1909,94
1910,162
1911,81
1912,155
1913,85
1914,93
1915,156
1916,82
1917,168
1918,83
1919,150
1920,91
1921,78
1922,141
1923,169
1924,128
1925,157
1926,161
1927,75
1928,162
1929,81
1930,151
1931,141
1932,166
1933,144
1934,136
1935,154
1936,70
1937,159
1938,150
1939,77
1940,82
1941,128
1942,152
1943,135
1944,89
1945,139
1946,147
1947,86
1948,171
1949,124
1950,141
1951,156
1952,135
1953,97
1954,149
1955,82
1956,69
1957,82
1958,159
1959,135
1960,154
1961,144
1962,137
1963,152
1964,67
1965,150
1966,149
1967,153
1968,86
1969,161
1970,85
1971,160
1972,162
1973,94
1974,74
1975,175
1976,82
1977,172
1978,141
1979,84
1980,150
1981,81
1982,146
1983,138
1984,174
1985,83
1986,145
1987,170
1988,171
1989,144
1990,138
1991,138
1992,168
1993,145
1994,148
1995,160
1996,141
1997,125
1998,160
1999,164
2000,124
2001,64
2002,169
2003,58
2004,134
2005,142
2006,60
2007,134
2008,153
2009,92
2010,136
2011,133
2012,74
2013,134
2014,92
2015,96
2016,72
2017,64
2018,127
2019,127
2020,138
2021,150
2022,166
2023,130
2024,80
2025,74
2026,78
2027,142
2028,154
2029,155
2030,74
2031,143
2032,144
2033,153
2034,159
2035,165
2036,73
2037,79
2038,135
2039,165
2040,143
2041,95
2042,86
2043,146
2044,81
2045,75
2046,137
2047,128
2048,85
2049,88
2050,155
2051,146
2052,70
2053,161
2054,149
2055,134
2056,147
2057,157
2058,173
2059,82
2060,137
2061,96
2062,142
2063,118
2064,147
2065,162
2066,151
2067,128
2068,167
2069,85
2070,159
2071,127
2072,65
2073,141
2074,135
2075,143
2076,151
2077,147
2078,77
2079,87
2080,127
2081,95
2082,155
2083,157
2084,73
2085,141
2086,151
2087,150
2088,170
2089,72
2090,85
2091,72
2092,78
2093,142
2094,152
2095,164
2096,85
2097,149
2098,90
2099,163
2100,161
2101,100
2102,66
2103,86
2104,124
2105,144
2106,73
2107,139
2108,96
2109,83
2110,135
2111,73
2112,149
2113,160
2114,63
2115,86
2116,99
2117,145
2118,133
2119,72
2120,88
2121,95
2122,170
2123,151
2124,81
2125,93
2126,125
2127,147
2128,85
2129,95
2130,132
2131,62
2132,160
2133,99
2134,135
2135,129
2136,153
2137,72
2138,163
2139,154
2140,130
2141,142
2142,167
2143,94
2144,149
2145,157
2146,135
2147,149
2148,146
2149,151
2150,154
2151,86
2152,78
2153,162
2154,153
2155,75
2156,156
2157,158
2158,128
2159,66
2160,83
2161,159
2162,159
2163,92
2164,62
2165,63
2166,80
2167,82
2168,76
2169,136
2170,137
2171,153
2172,77
2173,77
2174,84
2175,155
2176,93
2177,156
2178,154
2179,68
2180,158
2181,85
2182,81
2183,67
2184,72
2185,150
2186,85
2187,146
2188,155
2189,83
2190,164
2191,171
2192,156
2193,80
2194,74
2195,159
2196,153
2197,150
2198,166
2199,148
2200,82
2201,126
2202,157
2203,136
2204,163
2205,150
2206,174
2207,163
2208,84
2209,78
2210,72
2211,75
2212,151
2213,151
2214,157
2215,156
2216,134
2217,98
2218,144
2219,89
2220,144
2221,135
2222,84
2223,145
2224,166
2225,157
2226,93
2227,160
2228,84
2229,144
2230,158
2231,82
2232,83
2233,159
2234,130
2235,151
2236,60
2237,172
2238,84
2239,146
2240,149
2241,133
2242,96
2243,140
2244,80
2245,150
2246,149
2247,153
2248,153
2249,65
2250,148
2251,89
2252,124
2253,66
2254,136
2255,151
2256,137
2257,81
2258,155
2259,79
2260,64
2261,89
2262,164
2263,136
2264,138
2265,156
2266,157
2267,139
2268,142
2269,142
2270,148
2271,149
2272,150
2273,170
2274,158
2275,154
2276,84
2277,75
2278,54
2279,72
2280,144
2281,152
2282,84
2283,75
2284,73
2285,134
2286,156
2287,86
2288,148
2289,122
2290,145
2291,150
2292,76
2293,88
2294,146
2295,90
2296,158
2297,156
2298,161
2299,71
2300,147
2301,135
2302,146
2303,85
2304,126
2305,139
2306,153
2307,152
2308,73
2309,161
2310,158
2311,149
2312,82
2313,83
2314,145
2315,85
2316,62
2317,132
2318,150
2319,163
2320,61
2321,145
2322,60
2323,160
2324,93
2325,153
2326,158
2327,149
2328,95
2329,158
2330,66
2331,88
2332,157
2333,141
2334,170
2335,146
2336,144
2337,136
2338,143
2339,73
2340,147
2341,139
2342,145
2343,96
2344,127
2345,166
2346,156
2347,84
2348,157
2349,162
2350,138
2351,125
2352,148
2353,170
2354,153
2355,163
2356,168
2357,88
2358,142
2359,84
2360,162
2361,142
2362,158
2363,84
2364,149
2365,135
2366,152
2367,161
2368,160
2369,76
2370,168
2371,71
2372,172
2373,157
2374,151
2375,92
2376,135
2377,170
2378,147
2379,119
2380,162
2381,117
2382,95
2383,95
2384,90
2385,88
2386,129
2387,167
2388,83
2389,141
2390,137
2391,157
2392,167
2393,96
2394,88
2395,134
2396,153
2397,66
2398,134
2399,86
2400,144
2401,136
2402,155
2403,152
2404,135
2405,62
2406,152
2407,159
2408,167
2409,142
2410,135
2411,159
2412,151
2413,150
2414,61
2415,162
2416,158
2417,158
2418,159
2419,76
2420,123
2421,159
2422,154
2423,74
2424,156
2425,151
2426,161
2427,128
2428,141
2429,148
2430,120
2431,142
2432,148
2433,100
2434,140
2435,91
2436,80
2437,145
2438,163
2439,165
2440,68
2441,93
2442,157
2443,60
2444,152
2445,142
2446,160
2447,130
2448,98
2449,162
2450,94
2451,77
2452,144
2453,95
2454,161
2455,129
2456,155
2457,125
2458,134
2459,89
2460,174
2461,162
2462,137
2463,143
2464,76
2465,146
2466,128
2467,150
2468,150
2469,149
2470,93
2471,97
2472,153
2473,151
2474,130
2475,146
2476,100
2477,161
2478,159
2479,161
2480,162
2481,98
2482,66
2483,141
2484,156
2485,159
2486,160
2487,96
2488,53
2489,153
2490,102
2491,71
2492,85
2493,75
2494,150
2495,129
2496,152
2497,161
2498,157
2499,142
2500,153
2501,149
2502,144
2503,169
2504,54
2505,129
2506,98
2507,162
2508,63
2509,154
2510,161
2511,158
2512,153
2513,65
2514,77
2515,80
2516,170
2517,126
2518,145
2519,164
2520,158
2521,160
2522,161
2523,87
2524,61
2525,144
2526,96
2527,152
2528,143
2529,135
2530,165
2531,66
2532,144
2533,85
2534,157
2535,168
2536,79
2537,152
2538,79
2539,152
2540,156
2541,161
2542,83
2543,140
2544,137
2545,81
2546,67
2547,135
2548,83
2549,156
2550,72
2551,142
2552,160
2553,152
2554,149
2555,152
2556,77
2557,73
2558,134
2559,141
2560,138
2561,147
2562,160
2563,98
2564,72
2565,92
2566,87
2567,141
2568,145
2569,160
2570,133
2571,160
2572,143
2573,67
2574,145
2575,93
2576,141
2577,162
2578,163
2579,164
2580,146
2581,89
2582,151
2583,81
2584,152
2585,150
2586,68
2587,85
2588,90
2589,153
2590,166
2591,152
2592,79
2593,157
2594,138
2595,159
2596,89
2597,144
2598,84
2599,137
2600,156
2601,152
2602,78
2603,88
2604,157
2605,128
2606,70
2607,163
2608,68
2609,90
2610,59
2611,168
2612,152
2613,68
2614,79
2615,146
2616,151
2617,146
2618,135
2619,149
2620,97
2621,164
2622,149
2623,162
2624,78
2625,172
2626,85
2627,151
2628,95
2629,154
2630,160
2631,152
2632,86
2633,137
2634,141
2635,152
2636,70
2637,173
2638,85
2639,174
2640,149
2641,74
2642,85
2643,156
2644,149
2645,126
2646,143
2647,154
2648,119
2649,82
2650,159
2651,158
2652,82
2653,162
2654,71
2655,161
2656,153
2657,169
2658,139
2659,155
2660,84
2661,154
2662,173
2663,144
2664,143
2665,145
2666,98
2667,146
2668,89
2669,82
2670,154
2671,154
2672,75
2673,92
2674,125
2675,127
2676,117
2677,154
2678,170
2679,170
2680,84
2681,131
2682,142
2683,80
2684,164
2685,74
2686,166
2687,153
2688,65
2689,151
2690,143
2691,97
2692,141
2693,78
2694,150
2695,140
2696,164
2697,173
2698,84
2699,151
2700,167
2701,86
2702,55
2703,72
2704,148
2705,88
2706,93
2707,173
2708,155
2709,152
2710,160
2711,84
2712,160
2713,156
2714,137
2715,75
2716,170
2717,79
2718,154
2719,145
2720,163
2721,138
2722,158
2723,78
2724,147
2725,88
2726,82
2727,144
2728,172
2729,98
2730,162
2731,141
2732,140
2733,150
2734,159
2735,83
2736,161
2737,144
2738,75
2739,74
2740,145
2741,147
2742,94
2743,146
2744,150
2745,55
2746,124
2747,153
2748,70
2749,78
2750,89
2751,154
2752,157
2753,96
2754,160
2755,75
2756,75
2757,132
2758,86
2759,163
2760,94
2761,83
2762,83
2763,146
2764,83
2765,83
2766,154
2767,139
2768,151
2769,141
2770,129
2771,81
2772,170
2773,127
2774,156
2775,132
2776,135
2777,71
2778,145
2779,141
2780,139
2781,127
2782,152
2783,160
2784,70
2785,168
2786,80
2787,152
2788,100
2789,167
2790,61
2791,82
2792,78
2793,87
2794,93
2795,152
2796,85
2797,74
2798,147
2799,133
2800,84
2801,83
2802,83
2803,125
2804,78
2805,156
2806,82
2807,154
2808,147
2809,76
2810,85
2811,94
2812,94
2813,153
2814,58
2815,140
2816,76
2817,85
2818,151
2819,135
2820,147
2821,159
2822,145
2823,161
2824,133
2825,150
2826,85
2827,151
2828,167
2829,153
2830,73
2831,145
2832,169
2833,155
2834,147
2835,97
2836,85
2837,64
2838,146
2839,162
2840,154
2841,151
2842,156
2843,141
2844,84
2845,67
2846,148
2847,89
2848,161
2849,69
2850,73
2851,82
2852,82
2853,145
2854,142
2855,97
2856,140
2857,86
2858,146
2859,141
2860,96
2861,147
2862,81
2863,84
2864,70
2865,88
2866,66
2867,79
2868,96
2869,153
2870,126
2871,83
2872,68
2873,146
2874,158
2875,87
2876,157
2877,93
2878,147
2879,146
2880,93
2881,161
2882,176
2883,170
2884,156
2885,156
2886,160
2887,82
2888,154
2889,148
2890,94
2891,84
2892,76
2893,65
2894,86
2895,77
2896,83
2897,145
2898,164
2899,149
2900,100
2901,80
2902,140
2903,162
2904,161
2905,141
2906,75
2907,148
2908,159
2909,147
2910,148
2911,72
2912,135
2913,76
2914,126
2915,145
2916,126
2917,158
2918,135
2919,130
2920,92
2921,77
2922,157
2923,98
2924,74
2925,173
2926,159
2927,94
2928,154
2929,86
2930,119
2931,131
2932,160
2933,160
2934,87
2935,152
2936,146
2937,95
2938,76
2939,98
2940,139
2941,124
2942,97
2943,71
2944,148
2945,161
2946,158
2947,152
2948,82
2949,154
2950,142
2951,69
2952,144
2953,75
2954,146
2955,138
2956,71
2957,166
2958,86
2959,149
2960,156
2961,67
2962,96
2963,162
2964,173
2965,165
2966,82
2967,142
2968,157
2969,133
2970,165
2971,67
2972,165
2973,75
2974,81
2975,150
2976,81
2977,156
2978,82
2979,148
2980,153
2981,143
2982,74
2983,150
2984,138
2985,88
2986,148
2987,149
2988,74
2989,81
2990,86
2991,140
2992,169
2993,153
2994,142
2995,87
2996,90
2997,145
2998,96
2999,163
3000,85
3001,161
3002,148
3003,163
3004,154
3005,127
3006,156
3007,140
3008,134
3009,85
3010,85
3011,135
3012,159
3013,162
3014,170
3015,88
3016,167
3017,137
3018,161
3019,164
3020,102
3021,151
3022,126
3023,142
3024,154
3025,74
3026,135
3027,125
3028,167
3029,135
3030,64
3031,160
3032,144
3033,158
3034,64
3035,135
3036,73
3037,83
3038,156
3039,94
3040,70
3041,146
3042,153
3043,172
3044,159
3045,64
3046,118
3047,154
3048,167
3049,145
3050,48
3051,152
3052,86
3053,146
3054,159
3055,126
3056,152
3057,72
3058,164
3059,85
3060,144
3061,125
3062,160
3063,159
3064,150
3065,80
3066,134
3067,76
3068,81
3069,73
3070,89
3071,132
3072,135
3073,79
3074,120
3075,147
3076,86
3077,169
3078,135
3079,161
3080,139
3081,82
3082,97
3083,156
3084,64
3085,142
3086,90
3087,167
3088,151
3089,84
3090,163
3091,135
3092,151
3093,145
3094,143
3095,98
3096,77
3097,67
3098,158
3099,141
3100,115
3101,63
3102,157
3103,166
3104,88
3105,87
3106,98
3107,94
3108,141
3109,163
3110,137
3111,136
3112,149
3113,149
3114,94
3115,148
3116,161
3117,77
3118,148
3119,119
3120,154
3121,85
3122,77
3123,71
3124,61
3125,139
3126,87
3127,94
3128,149
3129,144
3130,150
3131,88
3132,154
3133,162
3134,160
3135,153
3136,161
3137,127
3138,151
3139,88
3140,168
3141,125
3142,146
3143,62
3144,138
3145,84
3146,171
3147,77
3148,152
3149,160
3150,70
3151,74
3152,66
3153,162
3154,93
3155,86
3156,136
3157,75
3158,166
3159,129
3160,143
3161,91
3162,152
3163,162
3164,78
3165,79
3166,85
3167,82
3168,79
3169,96
3170,155
3171,168
3172,163
3173,129
3174,163
3175,143
3176,143
3177,163
3178,80
3179,154
3180,146
3181,151
3182,69
3183,143
3184,142
3185,80
3186,70
3187,145
3188,139
3189,143
3190,145
3191,72
3192,154
3193,170
3194,93
3195,142
3196,92
3197,152
3198,170
3199,140
3200,76
3201,77
3202,173
3203,146
3204,92
3205,83
3206,154
3207,154
3208,162
3209,97
3210,163
3211,165
3212,142
3213,67
3214,65
3215,147
3216,161
3217,82
3218,147
3219,87
3220,67
3221,87
3222,81
3223,153
3224,48
3225,136
3226,117
3227,141
3228,164
3229,90
3230,155
3231,172
3232,142
3233,81
3234,142
3235,157
3236,86
3237,149
3238,143
3239,133
3240,170
3241,81
3242,118
3243,76
3244,144
3245,82
3246,156
3247,127
3248,168
3249,132
3250,152
3251,163
3252,148
3253,117
3254,153
3255,92
3256,66
3257,95
3258,151
3259,132
3260,150
3261,149
3262,74
3263,145
3264,146
3265,88
3266,93
3267,142
3268,83
3269,154
3270,141
3271,155
3272,153
3273,134
3274,163
3275,138
3276,144
3277,146
3278,149
3279,95
3280,142
3281,150
3282,165
3283,154
3284,83
3285,164
3286,96
3287,113
3288,153
3289,152
3290,134
3291,162
3292,153
3293,160
3294,168
3295,61
3296,153
3297,146
3298,82
3299,143
3300,80
3301,73
3302,84
3303,166
3304,170
3305,86
3306,95
3307,81
3308,152
3309,82
3310,86
3311,170
3312,151
3313,171
3314,117
3315,73
3316,148
3317,81
3318,98
3319,87
3320,146
3321,156
3322,87
3323,148
3324,172
3325,160
3326,158
3327,170
3328,119
3329,85
3330,173
3331,155
3332,160
3333,135
3334,135
3335,88
3336,134
3337,170
3338,139
3339,74
3340,146
3341,98
3342,148
3343,158
3344,94
3345,168
3346,153
3347,81
3348,90
3349,64
3350,162
3351,65
3352,162
3353,64
3354,145
3355,142
3356,95
3357,141
3358,161
3359,97
3360,138
3361,154
3362,139
3363,93
3364,165
3365,125
3366,153
3367,128
3368,140
3369,88
3370,46
3371,146
3372,169
3373,161
3374,166
3375,76
3376,82
3377,86
3378,138
3379,152
3380,153
3381,139
3382,90
3383,129
3384,156
3385,134
3386,100
3387,153
3388,166
3389,146
3390,150
3391,86
3392,158
3393,136
3394,143
3395,116
3396,174
3397,128
3398,86
3399,135
3400,88
3401,157
3402,156
3403,164
3404,87
3405,96
3406,139
3407,150
3408,158
3409,85
3410,82
3411,97
3412,89
3413,84
3414,83
3415,66
3416,149
3417,173
3418,150
3419,91
3420,66
3421,153
3422,163
3423,162
3424,159
3425,173
3426,170
3427,76
3428,167
3429,143
3430,83
3431,148
3432,158
3433,85
3434,68
3435,145
3436,145
3437,171
3438,73
3439,75
3440,157
3441,157
3442,155
3443,99
3444,153
3445,76
3446,142
3447,160
3448,80
3449,162
3450,155
3451,94
3452,162
3453,88
3454,173
3455,157
3456,61
3457,150
3458,76
3459,132
3460,68
3461,87
3462,145
3463,94
3464,86
3465,93
3466,174
3467,151
3468,143
3469,164
3470,163
3471,141
3472,99
3473,166
3474,150
3475,133
3476,90
3477,88
3478,140
3479,144
3480,75
3481,168
3482,64
3483,158
3484,174
3485,86
3486,159
3487,96
3488,86
3489,132
3490,78
3491,157
3492,163
3493,83
3494,86
3495,95
3496,138
3497,147
3498,135
3499,96
3500,136
3501,87
3502,149
3503,142
3504,133
3505,152
3506,133
3507,154
3508,59
3509,92
3510,85
3511,151
3512,80
3513,169
3514,149
3515,145
3516,166
3517,126
3518,145
3519,142
3520,142
3521,135
3522,164
3523,150
3524,157
3525,94
3526,159
3527,78
3528,135
3529,172
3530,134
3531,96
3532,135
3533,138
3534,152
3535,162
3536,161
3537,74
3538,89
3539,77
3540,94
3541,166
3542,147
3543,169
3544,139
3545,129
3546,165
3547,94
3548,91
3549,76
3550,96
3551,154
3552,49
3553,119
3554,75
3555,75
3556,117
3557,150
3558,82
3559,149
3560,141
3561,89
3562,96
3563,141
3564,153
3565,82
3566,62
3567,144
3568,65
3569,64
3570,155
3571,150
3572,148
3573,162
3574,72
3575,162
3576,87
3577,157
3578,153
3579,153
3580,153
3581,60
3582,141
3583,93
3584,156
3585,127
3586,146
3587,95
3588,162
3589,77
3590,82
3591,160
3592,138
3593,159
3594,150
3595,152
3596,162
3597,163
3598,157
3599,153
3600,152
3601,61
3602,159
3603,95
3604,81
3605,151
3606,160
3607,135
3608,137
3609,158
3610,157
3611,87
3612,158
3613,83
3614,93
3615,81
3616,160
3617,73
3618,143
3619,74
3620,93
3621,153
3622,137
3623,150
3624,63
3625,168
3626,82
3627,155
3628,84
3629,76
3630,159
3631,163
3632,153
3633,136
3634,137
3635,97
3636,168
3637,100
3638,61
3639,88
3640,67
3641,137
3642,63
3643,141
3644,164
3645,135
3646,119
3647,82
3648,164
3649,148
3650,77
3651,161
3652,154
3653,151
3654,171
3655,72
3656,75
3657,170
3658,73
3659,79
3660,153
3661,163
3662,156
3663,135
3664,154
3665,163
3666,153
3667,98
3668,163
3669,163
3670,86
3671,55
3672,144
3673,81
3674,161
3675,152
3676,147
3677,52
3678,119
3679,153
3680,78
3681,97
3682,131
3683,135
3684,78
3685,154
3686,134
3687,141
3688,127
3689,135
3690,171
3691,133
3692,79
3693,85
3694,171
3695,87
3696,161
3697,162
3698,147
3699,144
3700,138
3701,90
3702,88
3703,80
3704,83
3705,97
3706,88
3707,152
3708,94
3709,72
3710,64
3711,149
3712,69
3713,156
3714,95
3715,155
3716,144
3717,136
3718,53
3719,144
3720,159
3721,150
3722,168
3723,158
3724,145
3725,117
3726,141
3727,66
3728,168
3729,145
3730,164
3731,142
3732,72
3733,62
3734,162
3735,154
3736,158
3737,61
3738,163
3739,142
3740,83
3741,94
3742,151
3743,81
3744,144
3745,135
3746,142
3747,88
3748,136
3749,160
3750,156
3751,140
3752,154
3753,146
3754,51
3755,85
3756,134
3757,154
3758,149
3759,124
3760,143
3761,161
3762,74
3763,99
3764,158
3765,150
3766,144
3767,160
3768,164
3769,94
3770,80
3771,147
3772,159
3773,159
3774,150
3775,98
3776,87
3777,84
3778,121
3779,151
3780,158
3781,154
3782,83
3783,93
3784,160
3785,68
3786,135
3787,157
3788,85
3789,151
3790,77
3791,161
3792,95
3793,83
3794,162
3795,171
3796,145
3797,49
3798,155
3799,163
3800,74
3801,88
3802,162
3803,138
3804,95
3805,139
3806,138
3807,132
3808,152
3809,166
3810,142
3811,67
3812,142
3813,87
3814,87
3815,136
3816,124
3817,151
3818,65
3819,75
3820,90
3821,98
3822,159
3823,75
3824,129
3825,157
3826,148
3827,165
3828,84
3829,71
3830,87
3831,129
3832,163
3833,134
3834,138
3835,162
3836,150
3837,135
3838,153
3839,167
3840,166
3841,94
3842,155
3843,169
3844,127
3845,167
3846,83
3847,73
3848,118
3849,156
3850,143
3851,166
3852,134
3853,167
3854,138
3855,123
3856,146
3857,84
3858,149
3859,137
3860,160
3861,146
3862,140
3863,155
3864,167
3865,72
3866,85
3867,139
3868,85
3869,137
3870,158
3871,173
3872,129
3873,87
3874,160
3875,96
3876,166
3877,80
3878,173
3879,159
3880,173
3881,155
3882,78
3883,136
3884,78
3885,149
3886,167
3887,162
3888,96
3889,69
3890,75
3891,76
3892,152
3893,86
3894,166
3895,135
3896,126
3897,169
3898,155
3899,157
3900,143
3901,154
3902,159
3903,95
3904,89
3905,91
3906,151
3907,75
3908,152
3909,158
3910,154
3911,89
3912,173
3913,148
3914,86
3915,98
3916,145
3917,160
3918,154
3919,156
3920,96
3921,137
3922,86
3923,142
3924,139
3925,153
3926,164
3927,76
3928,99
3929,72
3930,56
3931,147
3932,145
3933,80
3934,161
3935,161
3936,161
3937,140
3938,134
3939,74
3940,159
3941,119
3942,166
3943,89
3944,147
3945,71
3946,127
3947,133
3948,157
3949,151
3950,153
3951,84
3952,69
3953,52
3954,143
3955,79
3956,162
3957,173
3958,165
3959,116
3960,153
3961,90
3962,62
3963,166
3964,160
3965,84
3966,146
3967,93
3968,175
3969,157
3970,143
3971,151
3972,138
3973,146
3974,160
3975,97
3976,90
3977,157
3978,139
3979,146
3980,75
3981,127
3982,75
3983,154
3984,155
3985,134
3986,76
3987,162
3988,88
3989,87
3990,90
3991,158
3992,147
3993,54
3994,126
3995,142
3996,82
3997,76
3998,149
3999,154
4000,82
4001,148
4002,117
4003,151
4004,167
4005,89
4006,74
4007,165
4008,137
4009,167
4010,62
4011,89
4012,145
4013,142
4014,144
4015,137
4016,166
4017,161
4018,163
4019,74
4020,160
4021,96
4022,63
4023,135
4024,162
4025,144
4026,153
4027,152
4028,88
4029,172
4030,138
4031,73
4032,99
4033,88
4034,160
4035,139
4036,139
4037,86
4038,163
4039,147
4040,152
4041,161
4042,136
4043,59
4044,161
4045,154
4046,160
4047,158
4048,68
4049,84
4050,128
4051,82
4052,86
4053,75
4054,140
4055,160
4056,63
4057,83
4058,75
4059,135
4060,79
4061,159
4062,141
4063,151
4064,86
4065,144
4066,100
4067,168
4068,144
4069,154
4070,127
4071,160
4072,154
4073,82
4074,150
4075,160
4076,99
4077,96
4078,161
4079,156
4080,153
4081,139
4082,160
4083,157
4084,155
4085,151
4086,86
4087,97
4088,72
4089,152
4090,158
4091,161
4092,97
4093,86
4094,154
4095,171
4096,97
4097,160
4098,160
4099,148
4100,147
4101,156
4102,71
4103,85
4104,147
4105,85
4106,128
4107,154
4108,62
4109,147
4110,156
4111,140
4112,129
4113,153
4114,81
4115,78
4116,148
4117,155
4118,139
4119,150
4120,149
4121,137
4122,151
4123,60
4124,76
4125,153
4126,85
4127,126
4128,152
4129,152
4130,164
4131,169
4132,148
4133,62
4134,153
4135,161
4136,146
4137,142
4138,151
4139,139
4140,146
4141,66
4142,82
4143,58
4144,126
4145,160
4146,150
4147,70
4148,73
4149,155
4150,75
4151,176
4152,145
4153,135
4154,62
4155,148
4156,147
4157,164
4158,167
4159,159
4160,165
4161,94
4162,142
4163,158
4164,162
4165,90
4166,83
4167,118
4168,160
4169,159
4170,133
4171,94
4172,149
4173,154
4174,84
4175,163
4176,74
4177,83
4178,88
4179,95
4180,156
4181,151
4182,134
4183,89
4184,162
4185,53
4186,155
4187,151
4188,79
4189,123
4190,139
4191,142
4192,82
4193,151
4194,74
4195,128
4196,95
4197,133
4198,147
4199,153
4200,144
4201,99
4202,74
4203,82
4204,161
4205,145
4206,145
4207,96
4208,157
4209,84
4210,85
4211,63
4212,79
4213,85
4214,119
4215,171
4216,152
4217,151
4218,143
4219,149
4220,151
4221,78
4222,132
4223,150
4224,151
4225,175
4226,64
4227,83
4228,83
4229,162
4230,82
4231,73
4232,83
4233,96
4234,78
4235,75
4236,169
4237,134
4238,162
4239,131
4240,75
4241,136
4242,151
4243,68
4244,86
4245,75
4246,87
4247,60
4248,77
4249,125
4250,96
4251,144
4252,159
4253,146
4254,134
4255,164
4256,172
4257,84
4258,66
4259,142
4260,161
4261,154
4262,174
4263,152
4264,85
4265,147
4266,143
4267,152
4268,159
4269,164
4270,86
4271,98
4272,154
4273,147
4274,146
4275,169
4276,172
4277,144
4278,144
4279,140
4280,134
4281,143
4282,146
4283,160
4284,84
4285,83
4286,148
4287,143
4288,155
4289,149
4290,163
4291,69
4292,146
4293,95
4294,155
4295,82
4296,147
4297,162
4298,96
4299,82
4300,89
4301,92
4302,161
4303,151
4304,88
4305,85
4306,146
4307,162
4308,144
4309,165
4310,162
4311,135
4312,152
4313,157
4314,86
4315,64
4316,83
4317,92
4318,74
4319,150
4320,85
4321,149
4322,95
4323,79
4324,170
4325,87
4326,163
4327,86
4328,137
4329,92
4330,162
4331,148
4332,156
4333,134
4334,139
4335,149
4336,149
4337,72
4338,163
4339,155
4340,83
4341,74
4342,85
4343,126
4344,140
4345,137
4346,153
4347,80
4348,93
4349,87
4350,76
4351,134
4352,152
4353,70
4354,98
4355,143
4356,92
4357,158
4358,84
4359,158
4360,156
4361,144
4362,75
4363,160
4364,81
4365,97
4366,73
4367,133
4368,145
4369,137
4370,140
4371,151
4372,149
4373,142
4374,143
4375,76
4376,87
4377,151
4378,93
4379,156
4380,77
4381,160
4382,143
4383,143
4384,142
4385,150
4386,168
4387,149
4388,144
4389,84
4390,85
4391,145
4392,73
4393,162
4394,66
4395,139
4396,169
4397,140
4398,81
4399,168
4400,160
4401,147
4402,142
4403,154
4404,137
4405,145
4406,86
4407,142
4408,81
4409,67
4410,156
4411,156
4412,150
4413,146
4414,82
4415,75
4416,137
4417,153
4418,140
4419,142
4420,139
4421,157
4422,84
4423,159
4424,75
4425,170
4426,153
4427,151
4428,161
4429,162
4430,134
4431,140
4432,162
4433,150
4434,81
4435,89
4436,156
4437,145
4438,145
4439,152
4440,134
4441,65
4442,72
4443,138
4444,170
4445,136
4446,63
4447,152
4448,164
4449,171
4450,144
4451,164
4452,152
4453,169
4454,161
4455,163
4456,85
4457,148
4458,152
4459,88
4460,137
4461,72
4462,71
4463,161
4464,153
4465,143
4466,145
4467,171
4468,126
4469,128
4470,73
4471,145
4472,152
4473,128
4474,73
4475,144
4476,160
4477,156
4478,81
4479,66
4480,142
4481,144
4482,146
4483,155
4484,136
4485,145
4486,152
4487,155
4488,136
4489,91
4490,78
4491,151
4492,166
4493,92
4494,138
4495,125
4496,155
4497,165
4498,160
4499,136
4500,156
4501,80
4502,133
4503,163
4504,163
4505,152
4506,152
4507,87
4508,161
4509,87
4510,154
4511,171
4512,94
4513,156
4514,146
4515,96
4516,157
4517,144
4518,143
4519,93
4520,151
4521,158
4522,151
4523,153
4524,115
4525,159
4526,163
4527,85
4528,142
4529,136
4530,86
4531,170
4532,144
4533,125
4534,163
4535,95
4536,94
4537,75
4538,161
4539,167
4540,151
4541,151
4542,77
4543,75
4544,84
4545,146
4546,74
4547,149
4548,72
4549,159
4550,163
4551,157
4552,150
4553,161
4554,136
4555,145
4556,159
4557,157
4558,152
4559,73
4560,154
4561,154
4562,89
4563,79
4564,159
4565,69
4566,131
4567,160
4568,161
4569,83
4570,159
4571,148
4572,147
4573,151
4574,158
4575,142
4576,76
4577,97
4578,151
4579,162
4580,147
4581,173
4582,144
4583,160
4584,99
4585,167
4586,81
4587,74
4588,138
4589,81
4590,84
4591,163
4592,75
4593,154
4594,145
4595,154
4596,135
4597,78
4598,171
4599,143
4600,152
4601,81
4602,158
4603,132
4604,146
4605,126
4606,92
4607,99
4608,75
4609,128
4610,78
4611,144
4612,133
4613,157
4614,83
4615,162
4616,81
4617,150
4618,97
4619,160
4620,163
4621,91
4622,151
4623,70
4624,126
4625,173
4626,84
4627,86
4628,73
4629,59
4630,63
4631,168
4632,67
4633,84
4634,150
4635,84
4636,158
4637,141
4638,72
4639,73
4640,159
4641,91
4642,149
4643,84
4644,140
4645,82
4646,81
4647,158
4648,147
4649,86
4650,151
4651,154
4652,164
4653,72
4654,144
4655,156
4656,65
4657,140
4658,68
4659,146
4660,143
4661,151
4662,72
4663,126
4664,160
4665,70
4666,150
4667,67
4668,143
4669,140
4670,149
4671,144
4672,134
4673,161
4674,87
4675,85
4676,87
4677,162
4678,132
4679,161
4680,155
4681,128
4682,158
4683,163
4684,91
4685,169
4686,74
4687,128
4688,147
4689,160
4690,150
4691,71
4692,90
4693,134
4694,165
4695,170
4696,73
4697,161
4698,83
4699,162
4700,147
4701,136
4702,125
4703,161
4704,150
4705,154
4706,88
4707,84
4708,85
4709,144
4710,92
4711,137
4712,148
4713,156
4714,146
4715,168
4716,162
4717,151
4718,151
4719,148
4720,86
4721,74
4722,75
4723,75
4724,86
4725,126
4726,132
4727,159
4728,142
4729,142
4730,74
4731,76
4732,85
4733,139
4734,90
4735,85
4736,158
4737,155
4738,147
4739,163
4740,143
4741,72
4742,133
4743,161
4744,159
4745,164
4746,156
4747,160
4748,77
4749,79
4750,163
4751,172
4752,85
4753,171
4754,161
4755,145
4756,139
4757,77
4758,163
4759,89
4760,83
4761,77
4762,85
4763,126
4764,147
4765,162
4766,147
4767,71
4768,72
4769,53
4770,153
4771,76
4772,172
4773,92
4774,90
4775,88
4776,146
4777,87
4778,94
4779,132
4780,162
4781,141
4782,118
4783,160
4784,128
4785,77
4786,143
4787,172
4788,149
4789,143
4790,154
4791,140
4792,92
4793,161
4794,125
4795,160
4796,170
4797,171
4798,170
4799,99
4800,83
4801,171
4802,72
4803,75
4804,143
4805,65
4806,154
4807,160
4808,151
4809,89
4810,84
4811,81
4812,127
4813,75
4814,149
4815,172
4816,74
4817,80
4818,146
4819,81
4820,164
4821,160
4822,148
4823,85
4824,137
4825,153
4826,86
4827,70
4828,126
4829,85
4830,72
4831,155
4832,87
4833,160
4834,170
4835,143
4836,73
4837,128
4838,149
4839,156
4840,94
4841,159
4842,145
4843,142
4844,70
4845,159
4846,172
4847,72
4848,97
4849,142
4850,81
4851,80
4852,87
4853,141
4854,167
4855,78
4856,150
4857,82
4858,145
4859,87
4860,72
4861,171
4862,154
4863,140
4864,153
4865,141
4866,147
4867,153
4868,153
4869,143
4870,148
4871,76
4872,132
4873,144
4874,87
4875,113
4876,75
4877,150
4878,134
4879,157
4880,75
4881,136
4882,126
4883,149
4884,72
4885,151
4886,142
4887,159
4888,156
4889,85
4890,127
4891,81
4892,155
4893,142
4894,151
4895,79
4896,77
4897,87
4898,148
4899,88
4900,152
4901,142
4902,145
4903,143
4904,85
4905,153
4906,72
4907,83
4908,125
4909,136
4910,94
4911,87
4912,148
4913,138
4914,72
4915,164
4916,92
4917,86
4918,77
4919,98
4920,171
4921,138
4922,88
4923,149
4924,170
4925,150
4926,152
4927,140
4928,67
4929,66
4930,161
4931,151
4932,91
4933,163
4934,164
4935,70
4936,144
4937,88
4938,77
4939,142
4940,153
4941,169
4942,160
4943,162
4944,85
4945,137
4946,146
4947,84
4948,134
4949,154
4950,158
4951,163
4952,166
4953,132
4954,78
4955,145
4956,149
4957,141
4958,158
4959,145
4960,86
4961,154
4962,149
4963,144
4964,150
4965,150
4966,152
4967,99
4968,62
4969,174
4970,168
4971,129
4972,155
4973,132
4974,81
4975,172
4976,155
4977,77
4978,135
4979,117
4980,172
4981,157
4982,95
4983,94
4984,143
4985,76
4986,166
4987,161
4988,169
4989,63
4990,98
4991,162
4992,92
4993,160
4994,92
4995,153
4996,68
4997,137
4998,136
4999,152
5000,152
5001,152
5002,149
5003,159
5004,70
5005,152
5006,159
5007,134
5008,75
5009,159
5010,154
5011,117
5012,153
5013,162
5014,77
5015,95
5016,135
5017,152
5018,162
5019,133
5020,88
5021,151
5022,153
5023,124
5024,74
5025,143
5026,87
5027,148
5028,159
5029,169
5030,61
5031,76
5032,96
5033,163
5034,140
5035,172
5036,77
5037,147
5038,96
5039,169
5040,154
5041,170
5042,94
5043,86
5044,145
5045,153
5046,139
5047,165
5048,88
5049,141
5050,150
5051,149
5052,167
5053,171
5054,160
5055,95
5056,92
5057,95
5058,141
5059,152
5060,84
5061,145
5062,85
5063,143
5064,92
5065,158
5066,162
5067,143
5068,167
5069,58
5070,155
5071,90
5072,77
5073,147
5074,151
5075,60
5076,86
5077,125
5078,142
5079,141
5080,74
5081,171
5082,160
5083,86
5084,146
5085,135
5086,141
5087,140
5088,160
5089,98
5090,85
5091,96
5092,82
5093,172
5094,162
5095,157
5096,86
5097,147
5098,144
5099,164
5100,155
5101,80
5102,84
5103,98
5104,147
5105,85
5106,135
5107,82
5108,133
5109,149
5110,86
5111,167
5112,61
5113,170
5114,154
5115,83
5116,127
5117,164
5118,91
5119,159
5120,149
5121,82
5122,84
5123,128
5124,86
5125,127
5126,160
5127,143
5128,162
5129,124
5130,74
5131,62
5132,78
5133,97
5134,172
5135,136
5136,152
5137,135
5138,86
5139,152
5140,168
5141,158
5142,159
5143,98
5144,144
5145,77
5146,68
5147,152
5148,159
5149,138
5150,74
5151,85
5152,75
5153,170
5154,87
5155,137
5156,82
5157,169
5158,159
5159,84
5160,90
5161,162
5162,151
5163,76
5164,169
5165,143
5166,143
5167,165
5168,156
5169,66
5170,140
5171,160
5172,167
5173,156
5174,150
5175,78
5176,85
5177,138
5178,133
5179,137
5180,134
5181,161
5182,90
5183,77
5184,149
5185,147
5186,167
5187,149
5188,134
5189,159
5190,154
5191,168
5192,172
5193,68
5194,123
5195,161
5196,87
5197,63
5198,83
5199,132
5200,73
5201,87
5202,159
5203,80
5204,119
5205,82
5206,161
5207,82
5208,153
5209,146
5210,87
5211,171
5212,153
5213,146
5214,172
5215,77
5216,135
5217,82
5218,72
5219,75
5220,150
5221,76
5222,158
5223,157
5224,146
5225,136
5226,86
5227,67
5228,158
5229,128
5230,74
5231,77
5232,164
5233,148
5234,84
5235,70
5236,139
5237,125
5238,75
5239,152
5240,164
5241,93
5242,92
5243,133
5244,137
5245,167
5246,83
5247,150
5248,149
5249,85
5250,146
5251,165
5252,146
5253,160
5254,142
5255,81
5256,170
5257,64
5258,138
5259,168
5260,134
5261,66
5262,81
5263,85
5264,153
5265,80
5266,84
5267,153
5268,148
5269,89
5270,124
5271,82
5272,147
5273,157
5274,160
5275,145
5276,69
5277,129
5278,134
5279,157
5280,158
5281,157
5282,155
5283,152
5284,164
5285,164
5286,126
5287,66
5288,89
5289,153
5290,133
5291,169
5292,137
5293,137
5294,142
5295,159
5296,145
5297,167
5298,96
5299,142
5300,137
5301,141
5302,84
5303,92
5304,154
5305,86
5306,67
5307,152
5308,75
5309,142
5310,137
5311,127
5312,157
5313,160
5314,128
5315,159
5316,83
5317,141
5318,136
5319,147
5320,59
5321,154
5322,95
5323,147
5324,152
5325,162
5326,170
5327,118
5328,90
5329,94
5330,175
5331,161
5332,77
5333,148
5334,160
5335,138
5336,145
5337,164
5338,85
5339,153
5340,154
5341,154
5342,89
5343,152
5344,148
5345,150
5346,78
5347,93
5348,165
5349,133
5350,138
5351,124
5352,157
5353,172
5354,138
5355,84
5356,117
5357,92
5358,152
5359,173
5360,148
5361,146
5362,167
5363,137
5364,168
5365,162
5366,75
5367,145
5368,148
5369,81
5370,145
5371,95
5372,80
5373,152
5374,90
5375,159
5376,65
5377,145
5378,148
5379,155
5380,156
5381,141
5382,152
5383,146
5384,164
5385,76
5386,82
5387,141
5388,159
5389,54
5390,154
5391,155
5392,153
5393,85
5394,155
5395,174
5396,160
5397,151
5398,160
5399,153
5400,163
5401,147
5402,78
5403,74
5404,73
5405,167
5406,94
5407,135
5408,136
5409,85
5410,162
5411,159
5412,147
5413,152
5414,155
5415,130
5416,146
5417,80
5418,67
5419,117
5420,174
5421,131
5422,137
5423,169
5424,143
5425,136
5426,82
5427,149
5428,151
5429,86
5430,162
5431,165
5432,149
5433,160
5434,159
5435,90
5436,73
5437,154
5438,75
5439,155
5440,165
5441,84
5442,85
5443,137
5444,160
5445,168
5446,86
5447,135
5448,95
5449,147
5450,142
5451,69
5452,146
5453,83
5454,142
5455,137
5456,85
5457,90
5458,84
5459,154
5460,148
5461,146
5462,172
5463,77
5464,54
5465,144
5466,157
5467,148
5468,150
5469,162
5470,126
5471,125
5472,149
5473,145
5474,145
5475,80
5476,142
5477,87
5478,81
5479,145
5480,93
5481,128
5482,97
5483,152
5484,144
5485,74
5486,152
5487,169
5488,77
5489,164
5490,159
5491,72
5492,82
5493,84
5494,76
5495,140
5496,86
5497,147
5498,156
5499,162
5500,149
5501,91
5502,144
5503,137
5504,148
5505,155
5506,79
5507,135
5508,86
5509,137
5510,118
5511,88
5512,144
5513,147
5514,137
5515,161
5516,81
5517,168
5518,125
5519,117
5520,68
5521,95
5522,67
5523,137
5524,83
5525,151
5526,95
5527,168
5528,142
5529,162
5530,75
5531,137
5532,151
5533,129
5534,75
5535,62
5536,161
5537,94
5538,174
5539,163
5540,136
5541,163
5542,160
5543,63
5544,56
5545,137
5546,174
5547,151
5548,152
5549,143
5550,156
5551,154
5552,80
5553,153
5554,92
5555,83
5556,144
5557,75
5558,148
5559,87
5560,135
5561,151
5562,140
5563,164
5564,151
5565,147
5566,158
5567,67
5568,152
5569,128
5570,77
5571,154
5572,128
5573,151
5574,83
5575,79
5576,79
5577,143
5578,152
5579,95
5580,156
5581,80
5582,67
5583,143
5584,129
5585,123
5586,152
5587,81
5588,158
5589,160
5590,83
5591,142
5592,137
5593,155
5594,93
5595,159
5596,160
5597,76
5598,143
5599,147
5600,90
5601,131
5602,66
5603,138
5604,90
5605,76
5606,156
5607,164
5608,98
5609,152
5610,148
5611,146
5612,170
5613,142
5614,159
5615,86
5616,82
5617,149
5618,71
5619,151
5620,164
5621,158
5622,60
5623,85
5624,66
5625,163
5626,88
5627,160
5628,136
5629,163
5630,153
5631,64
5632,161
5633,146
5634,150
5635,160
5636,133
5637,139
5638,155
5639,131
5640,75
5641,82
5642,169
5643,86
5644,125
5645,132
5646,77
5647,157
5648,146
5649,150
5650,73
5651,95
5652,74
5653,144
5654,159
5655,79
5656,158
5657,170
5658,86
5659,159
5660,162
5661,154
5662,161
5663,66
5664,150
5665,135
5666,153
5667,141
5668,157
5669,132
5670,71
5671,169
5672,148
5673,83
5674,162
5675,162
5676,89
5677,97
5678,144
5679,135
5680,157
5681,155
5682,143
5683,160
5684,76
5685,86
5686,161
5687,168
5688,133
5689,158
5690,127
5691,150
5692,154
5693,91
5694,161
5695,93
5696,97
5697,128
5698,98
5699,96
5700,169
5701,170
5702,80
5703,143
5704,94
5705,86
5706,135
5707,151
5708,77
5709,73
5710,138
5711,149
5712,71
5713,137
5714,144
5715,84
5716,137
5717,153
5718,160
5719,172
5720,135
5721,82
5722,153
5723,164
5724,168
5725,75
5726,143
5727,150
5728,138
5729,146
5730,160
5731,79
5732,167
5733,86
5734,83
5735,171
5736,142
5737,163
5738,162
5739,152
5740,149
5741,158
5742,87
5743,161
5744,156
5745,161
5746,161
5747,166
5748,84
5749,156
5750,85
5751,76
5752,155
5753,151
5754,158
5755,97
5756,154
5757,165
5758,155
5759,85
5760,171
5761,147
5762,63
5763,82
5764,171
5765,153
5766,162
5767,88
5768,144
5769,86
5770,150
5771,137
5772,160
5773,165
5774,133
5775,126
5776,134
5777,85
5778,155
5779,149
5780,150
5781,65
5782,159
5783,74
5784,158
5785,75
5786,138
5787,170
5788,77
5789,150
5790,144
5791,60
5792,146
5793,140
5794,167
5795,160
5796,75
5797,146
5798,173
5799,136
5800,87
5801,79
5802,90
5803,73
5804,155
5805,153
5806,125
5807,95
5808,94
5809,143
5810,159
5811,67
5812,148
5813,153
5814,162
5815,120
5816,135
5817,165
5818,83
5819,145
5820,143
5821,161
5822,156
5823,163
5824,163
5825,139
5826,86
5827,160
5828,170
5829,78
5830,165
5831,134
5832,94
5833,90
5834,151
5835,130
5836,174
5837,155
5838,145
5839,77
5840,87
5841,71
5842,151
5843,155
5844,86
5845,135
5846,87
5847,134
5848,148
5849,129
5850,160
5851,99
5852,94
5853,78
5854,144
5855,167
5856,132
5857,141
5858,131
5859,81
5860,93
5861,87
5862,170
5863,91
5864,152
5865,140
5866,132
5867,159
5868,91
5869,147
5870,161
5871,123
5872,168
5873,143
5874,169
5875,129
5876,88
5877,142
5878,154
5879,76
5880,59
5881,135
5882,140
5883,157
5884,67
5885,146
5886,118
5887,138
5888,143
5889,153
5890,134
5891,149
5892,157
5893,146
5894,166
5895,85
5896,160
5897,155
5898,86
5899,76
5900,128
5901,154
5902,83
5903,142
5904,88
5905,97
5906,151
5907,90
5908,164
5909,154
5910,147
5911,147
5912,71
5913,95
5914,147
5915,97
5916,153
5917,77
5918,157
5919,140
5920,158
5921,158
5922,145
5923,137
5924,146
5925,143
5926,139
5927,172
5928,114
5929,130
5930,154
5931,83
5932,161
5933,86
5934,146
5935,152
5936,148
5937,172
5938,157
5939,151
5940,135
5941,154
5942,77
5943,163
5944,160
5945,143
5946,152
5947,169
5948,157
5949,134
5950,142
5951,134
5952,60
5953,96
5954,141
5955,146
5956,159
5957,169
5958,159
5959,85
5960,84
5961,143
5962,148
5963,76
5964,148
5965,129
5966,144
5967,143
5968,96
5969,126
5970,79
5971,75
5972,135
5973,87
5974,137
5975,136
5976,128
5977,145
5978,134
5979,128
5980,156
5981,163
5982,153
5983,83
5984,156
5985,162
5986,153
5987,166
5988,66
5989,85
5990,69
5991,139
5992,94
5993,151
5994,85
5995,85
5996,81
5997,65
5998,172
5999,154
6000,86
6001,142
6002,84
6003,167
6004,97
6005,161
6006,156
6007,161
6008,157
6009,91
6010,160
6011,147
6012,127
6013,76
6014,152
6015,162
6016,143
6017,82
6018,148
6019,83
6020,68
6021,153
6022,128
6023,84
6024,143
6025,153
6026,159
6027,131
6028,135
6029,94
6030,146
6031,156
6032,156
6033,173
6034,152
6035,84
6036,146
6037,152
6038,144
6039,150
6040,132
6041,160
6042,81
6043,167
6044,144
6045,83
6046,80
6047,76
6048,145
6049,134
6050,145
6051,92
6052,149
6053,158
6054,144
6055,145
6056,134
6057,160
6058,143
6059,143
6060,168
6061,152
6062,154
6063,164
6064,85
6065,77
6066,153
6067,138
6068,72
6069,146
6070,142
6071,98
6072,144
6073,163
6074,75
6075,76
6076,86
6077,146
6078,143
6079,160
6080,85
6081,87
6082,157
6083,149
6084,162
6085,158
6086,76
6087,92
6088,145
6089,157
6090,141
6091,70
6092,161
6093,82
6094,73
6095,164
6096,162
6097,154
6098,117
6099,164
6100,148
6101,95
6102,135
6103,167
6104,80
6105,155
6106,152
6107,87
6108,138
6109,69
6110,156
6111,152
6112,152
6113,168
6114,146
6115,137
6116,91
6117,156
6118,84
6119,89
6120,158
6121,158
6122,80
6123,83
6124,85
6125,147
6126,155
6127,75
6128,173
6129,86
6130,94
6131,87
6132,158
6133,164
6134,152
6135,158
6136,94
6137,158
6138,78
6139,48
6140,139
6141,152
6142,128
6143,96
6144,92
6145,98
6146,158
6147,86
6148,136
6149,143
6150,87
6151,91
6152,68
6153,169
6154,71
6155,144
6156,127
6157,73
6158,143
6159,152
6160,147
6161,81
6162,165
6163,73
6164,145
6165,134
6166,74
6167,88
6168,139
6169,149
6170,142
6171,134
6172,155
6173,137
6174,83
6175,155
6176,141
6177,167
6178,157
6179,147
6180,153
6181,155
6182,150
6183,169
6184,150
6185,163
6186,128
6187,151
6188,145
6189,160
6190,145
6191,85
6192,91
6193,163
6194,129
6195,147
6196,167
6197,143
6198,140
6199,143
6200,87
6201,149
6202,89
6203,172
6204,85
6205,77
6206,95
6207,81
6208,153
6209,130
6210,150
6211,153
6212,86
6213,141
6214,147
6215,164
6216,63
6217,80
6218,136
6219,155
6220,170
6221,88
6222,161
6223,73
6224,134
6225,74
6226,160
6227,95
6228,167
6229,152
6230,83
6231,145
6232,141
6233,139
6234,139
6235,144
6236,67
6237,159
6238,149
6239,155
6240,84
6241,129
6242,158
6243,98
6244,73
6245,85
6246,144
6247,168
6248,42
6249,153
6250,144
6251,73
6252,120
6253,155
6254,142
6255,147
6256,142
6257,138
6258,151
6259,134
6260,158
6261,144
6262,146
6263,131
6264,144
6265,155
6266,166
6267,150
6268,160
6269,138
6270,164
6271,141
6272,142
6273,164
6274,151
6275,174
6276,162
6277,139
6278,135
6279,149
6280,76
6281,153
6282,148
6283,161
6284,146
6285,136
6286,169
6287,93
6288,141
6289,152
6290,151
6291,127
6292,144
6293,159
6294,96
6295,152
6296,70
6297,97
6298,97
6299,155
6300,129
6301,129
6302,128
6303,166
6304,157
6305,149
6306,127
6307,160
6308,150
6309,159
6310,130
6311,152
6312,164
6313,86
6314,77
6315,141
6316,72
6317,142
6318,59
6319,169
6320,149
6321,77
6322,70
6323,90
6324,138
6325,141
6326,174
6327,161
6328,74
6329,161
6330,145
6331,161
6332,155
6333,150
6334,160
6335,156
6336,140
6337,158
6338,90
6339,170
6340,74
6341,153
6342,78
6343,164
6344,153
6345,152
6346,85
6347,94
6348,87
6349,143
6350,144
6351,169
6352,90
6353,159
6354,136
6355,146
6356,164
6357,75
6358,135
6359,153
6360,85
6361,153
6362,71
6363,154
6364,87
6365,77
6366,163
6367,87
6368,81
6369,164
6370,154
6371,84
6372,156
6373,144
6374,134
6375,158
6376,54
6377,136
6378,158
6379,156
6380,136
6381,168
6382,87
6383,144
6384,81
6385,140
6386,132
6387,153
6388,141
6389,172
6390,93
6391,127
6392,147
6393,162
6394,85
6395,87
6396,155
6397,90
6398,146
6399,145
6400,73
6401,145
6402,163
6403,161
6404,136
6405,150
6406,160
6407,145
6408,164
6409,87
6410,143
6411,153
6412,160
6413,156
6414,137
6415,127
6416,151
6417,78
6418,171
6419,68
6420,154
6421,136
6422,63
6423,150
6424,155
6425,83
6426,167
6427,86
6428,150
6429,149
6430,128
6431,74
6432,133
6433,141
6434,138
6435,156
6436,159
6437,158
6438,141
6439,144
6440,161
6441,153
6442,79
6443,81
6444,153
6445,137
6446,72
6447,82
6448,84
6449,161
6450,136
6451,100
6452,143
6453,84
6454,91
6455,132
6456,171
6457,84
6458,149
6459,141
6460,137
6461,88
6462,146
6463,139
6464,147
6465,143
6466,155
6467,135
6468,152
6469,141
6470,163
6471,83
6472,92
6473,171
6474,75
6475,96
6476,163
6477,86
6478,175
6479,168
6480,156
6481,135
6482,128
6483,84
6484,160
6485,152
6486,79
6487,145
6488,162
6489,89
6490,124
6491,154
6492,158
6493,157
6494,154
6495,149
6496,139
6497,70
6498,162
6499,149
6500,97
6501,156
6502,152
6503,154
6504,164
6505,83
6506,155
6507,149
6508,155
6509,87
6510,127
6511,85
6512,74
6513,155
6514,161
6515,149
6516,135
6517,130
6518,163
6519,164
6520,162
6521,98
6522,63
6523,155
6524,91
6525,146
6526,118
6527,82
6528,144
6529,124
6530,171
6531,161
6532,145
6533,171
6534,167
6535,84
6536,155
6537,125
6538,151
6539,146
6540,170
6541,138
6542,150
6543,147
6544,156
6545,153
6546,174
6547,152
6548,160
6549,62
6550,158
6551,150
6552,128
6553,63
6554,70
6555,82
6556,164
6557,83
6558,92
6559,167
6560,162
6561,153
6562,162
6563,128
6564,157
6565,151
6566,119
6567,149
6568,147
6569,162
6570,147
6571,172
6572,161
6573,85
6574,90
6575,140
6576,139
6577,96
6578,153
6579,98
6580,168
6581,150
6582,139
6583,85
6584,160
6585,134
6586,94
6587,83
6588,100
6589,86
6590,156
6591,71
6592,67
6593,161
6594,149
6595,141
6596,83
6597,90
6598,167
6599,85
6600,134
6601,97
6602,68
6603,135
6604,83
6605,90
6606,168
6607,69
6608,136
6609,87
6610,148
6611,142
6612,163
6613,170
6614,119
6615,156
6616,141
6617,158
6618,142
6619,158
6620,140
6621,170
6622,155
6623,153
6624,85
6625,96
6626,151
6627,140
6628,162
6629,134
6630,84
6631,83
6632,75
6633,79
6634,155
6635,155
6636,168
6637,173
6638,125
6639,51
6640,78
6641,147
6642,153
6643,158
6644,166
6645,101
6646,175
6647,141
6648,148
6649,87
6650,156
6651,152
6652,74
6653,81
6654,62
6655,164
6656,67
6657,84
6658,154
6659,98
6660,161
6661,57
6662,160
6663,86
6664,75
6665,87
6666,77
6667,73
6668,96
6669,146
6670,90
6671,84
6672,159
6673,158
6674,144
6675,154
6676,127
6677,150
6678,87
6679,86
6680,143
6681,147
6682,163
6683,117
6684,167
6685,148
6686,139
6687,144
6688,67
6689,84
6690,153
6691,75
6692,165
6693,146
6694,73
6695,151
6696,147
6697,142
6698,146
6699,150
6700,89
6701,167
6702,83
6703,134
6704,87
6705,141
6706,149
6707,148
6708,136
6709,154
6710,168
6711,154
6712,124
6713,84
6714,57
6715,138
6716,155
6717,86
6718,80
6719,151
6720,147
6721,152
6722,174
6723,85
6724,87
6725,156
6726,157
6727,134
6728,145
6729,168
6730,145
6731,155
6732,142
6733,143
6734,127
6735,84
6736,147
6737,150
6738,76
6739,152
6740,132
6741,164
6742,155
6743,166
6744,154
6745,157
6746,156
6747,165
6748,76
6749,154
6750,78
6751,88
6752,76
6753,151
6754,170
6755,164
6756,160
6757,147
6758,144
6759,152
6760,82
6761,136
6762,125
6763,143
6764,70
6765,128
6766,146
6767,67
6768,134
6769,174
6770,117
6771,158
6772,138
6773,140
6774,133
6775,140
6776,135
6777,65
6778,87
6779,139
6780,169
6781,151
6782,144
6783,155
6784,139
6785,85
6786,93
6787,77
6788,154
6789,167
6790,86
6791,90
6792,141
6793,93
6794,171
6795,155
6796,162
6797,82
6798,143
6799,153
6800,66
6801,161
6802,156
6803,142
6804,83
6805,72
6806,51
6807,95
6808,163
6809,152
6810,158
6811,84
6812,77
6813,142
6814,87
6815,151
6816,176
6817,170
6818,144
6819,152
6820,96
6821,138
6822,157
6823,160
6824,94
6825,146
6826,151
6827,82
6828,144
6829,152
6830,148
6831,159
6832,141
6833,153
6834,75
6835,160
6836,81
6837,169
6838,82
6839,85
6840,160
6841,87
6842,159
6843,96
6844,169
6845,82
6846,77
6847,174
6848,78
6849,153
6850,119
6851,146
6852,151
6853,83
6854,150
6855,94
6856,168
6857,142
6858,172
6859,155
6860,154
6861,172
6862,155
6863,146
6864,150
6865,164
6866,75
6867,135
6868,158
6869,74
6870,159
6871,83
6872,126
6873,147
6874,146
6875,152
6876,155
6877,154
6878,82
6879,147
6880,157
6881,82
6882,169
6883,90
6884,84
6885,94
6886,149
6887,81
6888,158
6889,161
6890,150
6891,153
6892,81
6893,153
6894,153
6895,142
6896,139
6897,155
6898,160
6899,74
6900,71
6901,94
6902,83
6903,150
6904,171
6905,134
6906,155
6907,145
6908,83
6909,157
6910,91
6911,95
6912,149
6913,80
6914,154
6915,84
6916,162
6917,159
6918,78
6919,66
6920,155
6921,82
6922,153
6923,163
6924,150
6925,146
6926,76
6927,92
6928,163
6929,171
6930,82
6931,95
6932,153
6933,149
6934,87
6935,156
6936,160
6937,148
6938,151
6939,158
6940,77
6941,140
6942,158
6943,148
6944,150
6945,170
6946,145
6947,151
6948,74
6949,153
6950,169
6951,165
6952,147
6953,135
6954,84
6955,138
6956,92
6957,147
6958,125
6959,138
6960,138
6961,160
6962,158
6963,135
6964,96
6965,161
6966,96
6967,135
6968,162
6969,66
6970,154
6971,89
6972,139
6973,164
6974,78
6975,137
6976,95
6977,152
6978,94
6979,133
6980,136
6981,151
6982,151
6983,144
6984,163
6985,81
6986,65
6987,150
6988,141
6989,87
6990,72
6991,169
6992,83
6993,72
6994,152
6995,88
6996,159
6997,163
6998,141
6999,77
7000,173
7001,153
7002,148
7003,78
7004,125
7005,135
7006,152
7007,94
7008,92
7009,154
7010,129
7011,161
7012,70
7013,163
7014,99
7015,124
7016,169
7017,164
7018,156
7019,142
7020,143
7021,98
7022,160
7023,144
7024,174
7025,162
7026,88
7027,160
7028,81
7029,86
7030,143
7031,163
7032,142
7033,129
7034,160
7035,162
7036,165
7037,156
7038,151
7039,145
7040,163
7041,146
7042,128
7043,76
7044,86
7045,144
7046,83
7047,163
7048,145
7049,83
7050,136
7051,159
7052,135
7053,74
7054,170
7055,82
7056,164
7057,146
7058,84
7059,169
7060,155
7061,160
7062,144
7063,145
7064,91
7065,151
7066,134
7067,162
7068,161
7069,134
7070,153
7071,89
7072,128
7073,86
7074,67
7075,87
7076,136
7077,126
7078,162
7079,153
7080,85
7081,146
7082,155
7083,163
7084,128
7085,149
7086,160
7087,150
7088,87
7089,153
7090,148
7091,81
7092,145
7093,155
7094,173
7095,153
7096,166
7097,87
7098,90
7099,147
7100,128
7101,157
7102,144
7103,78
7104,150
7105,163
7106,172
7107,78
7108,145
7109,139
7110,140
7111,148
7112,78
7113,86
7114,144
7115,158
7116,89
7117,155
7118,143
7119,87
7120,168
7121,165
7122,86
7123,84
7124,74
7125,137
7126,137
7127,150
7128,99
7129,151
7130,72
7131,79
7132,144
7133,135
7134,151
7135,156
7136,174
7137,85
7138,75
7139,69
7140,163
7141,82
7142,139
7143,94
7144,153
7145,170
7146,161
7147,157
7148,141
7149,84
7150,153
7151,86
7152,167
7153,139
7154,125
7155,149
7156,149
7157,88
7158,143
7159,128
7160,152
7161,152
7162,129
7163,150
7164,70
7165,152
7166,133
7167,168
7168,75
7169,131
7170,92
7171,136
7172,146
7173,135
7174,142
7175,142
7176,144
7177,146
7178,147
7179,158
7180,128
7181,142
7182,155
7183,162
7184,136
7185,158
7186,162
7187,136
7188,127
7189,147
7190,143
7191,142
7192,81
7193,143
7194,175
7195,65
7196,166
7197,161
7198,156
7199,69
7200,152
7201,139
7202,74
7203,142
7204,74
7205,153
7206,85
7207,115
7208,81
7209,151
7210,163
7211,150
7212,100
7213,135
7214,132
7215,143
7216,91
7217,155
7218,65
7219,152
7220,137
7221,138
7222,170
7223,167
7224,149
7225,163
7226,150
7227,149
7228,135
7229,158
7230,82
7231,83
7232,64
7233,152
7234,152
7235,160
7236,72
7237,145
7238,141
7239,139
7240,152
7241,138
7242,77
7243,124
7244,157
7245,152
7246,152
7247,153
7248,156
7249,159
7250,145
7251,146
7252,158
7253,100
7254,149
7255,157
7256,171
7257,126
7258,84
7259,60
7260,120
7261,71
7262,160
7263,126
7264,81
7265,164
7266,140
7267,86
7268,79
7269,163
7270,145
7271,77
7272,74
7273,82
7274,67
7275,71
7276,173
7277,94
7278,162
7279,159
7280,96
7281,136
7282,159
7283,83
7284,148
7285,141
7286,168
7287,157
7288,81
7289,148
7290,154
7291,159
7292,164
7293,147
7294,150
7295,155
7296,73
7297,139
7298,72
7299,72
7300,164
7301,153
7302,71
7303,171
7304,164
7305,162
7306,157
7307,157
7308,170
7309,134
7310,138
7311,153
7312,157
7313,161
7314,160
7315,138
7316,158
7317,146
7318,161
7319,170
7320,90
7321,163
7322,171
7323,165
7324,137
7325,145
7326,156
7327,95
7328,173
7329,153
7330,84
7331,142
7332,134
7333,92
7334,90
7335,133
7336,138
7337,173
7338,86
7339,158
7340,144
7341,126
7342,146
7343,136
7344,163
7345,167
7346,164
7347,79
7348,152
7349,84
7350,101
7351,78
7352,171
7353,157
7354,129
7355,147
7356,148
7357,142
7358,126
7359,167
7360,149
7361,156
7362,93
7363,126
7364,163
7365,150
7366,154
7367,149
7368,147
7369,157
7370,162
7371,156
7372,83
7373,138
7374,155
7375,129
7376,165
7377,136
7378,144
7379,85
7380,168
7381,160
7382,71
7383,138
7384,146
7385,91
7386,68
7387,64
7388,132
7389,158
7390,166
7391,141
7392,146
7393,154
7394,144
7395,161
7396,133
7397,133
7398,157
7399,171
7400,169
7401,96
7402,94
7403,80
7404,150
7405,140
7406,132
7407,152
7408,147
7409,140
7410,150
7411,153
7412,80
7413,67
7414,169
7415,154
7416,152
7417,143
7418,76
7419,153
7420,156
7421,146
7422,161
7423,68
7424,65
7425,78
7426,83
7427,73
7428,89
7429,95
7430,90
7431,85
7432,148
7433,87
7434,127
7435,149
7436,74
7437,135
7438,134
7439,147
7440,162
7441,86
7442,138
7443,137
7444,145
7445,82
7446,86
7447,165
7448,155
7449,136
7450,160
7451,168
7452,84
7453,150
7454,155
7455,77
7456,65
7457,147
7458,158
7459,142
7460,75
7461,70
7462,150
7463,142
7464,96
7465,150
7466,142
7467,126
7468,162
7469,144
7470,144
7471,144
7472,142
7473,163
7474,155
7475,155
7476,120
7477,155
7478,142
7479,174
7480,97
7481,152
7482,75
7483,134
7484,149
7485,62
7486,82
7487,143
7488,151
7489,171
7490,164
7491,152
7492,140
7493,145
7494,159
7495,161
7496,160
7497,137
7498,159
7499,174
7500,153
7501,93
7502,153
7503,142
7504,153
7505,153
7506,159
7507,124
7508,162
7509,138
7510,150
7511,141
7512,161
7513,152
7514,99
7515,144
7516,152
7517,61
7518,160
7519,151
7520,67
7521,87
7522,138
7523,145
7524,96
7525,158
7526,77
7527,95
7528,95
7529,85
7530,161
7531,146
7532,145
7533,75
7534,146
7535,171
7536,146
7537,146
7538,144
7539,164
7540,85
7541,161
7542,155
7543,135
7544,136
7545,149
7546,89
7547,143
7548,81
7549,118
7550,134
7551,118
7552,145
7553,75
7554,85
7555,79
7556,152
7557,143
7558,157
7559,142
7560,151
7561,161
7562,163
7563,143
7564,144
7565,166
7566,144
7567,88
7568,139
7569,137
7570,164
7571,165
7572,77
7573,83
7574,55
7575,165
7576,147
7577,161
7578,80
7579,147
7580,147
7581,96
7582,171
7583,82
7584,96
7585,157
7586,87
7587,147
7588,80
7589,72
7590,133
7591,138
7592,147
7593,85
7594,172
7595,159
7596,143
7597,85
7598,142
7599,161
7600,162
7601,171
7602,161
7603,146
7604,83
7605,85
7606,93
7607,143
7608,125
7609,151
7610,163
7611,157
7612,173
7613,151
7614,128
7615,63
7616,85
7617,135
7618,162
7619,144
7620,148
7621,86
7622,89
7623,141
7624,165
7625,147
7626,141
7627,152
7628,81
7629,76
7630,169
7631,164
7632,86
7633,160
7634,86
7635,164
7636,152
7637,78
7638,139
7639,96
7640,99
7641,74
7642,84
7643,158
7644,144
7645,148
7646,75
7647,155
7648,150
7649,137
7650,161
7651,82
7652,91
7653,164
7654,91
7655,163
7656,137
7657,118
7658,91
7659,136
7660,155
7661,159
7662,173
7663,75
7664,159
7665,88
7666,171
7667,155
7668,136
7669,135
7670,134
7671,81
7672,83
7673,146
7674,164
7675,126
7676,87
7677,146
7678,163
7679,174
7680,138
7681,126
7682,158
7683,162
7684,156
7685,162
7686,145
7687,164
7688,85
7689,168
7690,170
7691,149
7692,162
7693,151
7694,132
7695,141
7696,32
7697,88
7698,155
7699,135
7700,155
7701,79
7702,154
7703,127
7704,145
7705,129
7706,68
7707,88
7708,152
7709,147
7710,162
7711,136
7712,86
7713,138
7714,80
7715,72
7716,165
7717,149
7718,146
7719,160
7720,131
7721,143
7722,134
7723,143
7724,144
7725,130
7726,139
7727,128
7728,100
7729,88
7730,167
7731,75
7732,140
7733,88
7734,151
7735,161
7736,163
7737,84
7738,134
7739,146
7740,162
7741,155
7742,85
7743,92
7744,143
7745,91
7746,168
7747,146
7748,157
7749,155
7750,124
7751,147
7752,146
7753,145
7754,141
7755,148
7756,142
7757,163
7758,91
7759,66
7760,73
7761,83
7762,137
7763,159
7764,74
7765,173
7766,151
7767,154
7768,157
7769,153
7770,76
7771,147
7772,159
7773,90
7774,150
7775,65
7776,87
7777,153
7778,143
7779,163
7780,158
7781,84
7782,82
7783,146
7784,147
7785,72
7786,151
7787,154
7788,170
7789,161
7790,147
7791,153
7792,58
7793,145
7794,63
7795,147
7796,83
7797,151
7798,88
7799,163
7800,132
7801,127
7802,152
7803,85
7804,136
7805,161
7806,142
7807,152
7808,169
7809,160
7810,152
7811,66
7812,82
7813,150
7814,127
7815,152
7816,77
7817,73
7818,84
7819,158
7820,133
7821,150
7822,141
7823,57
7824,138
7825,66
7826,83
7827,169
7828,168
7829,157
7830,73
7831,156
7832,142
7833,151
7834,92
7835,71
7836,147
7837,152
7838,156
7839,67
7840,152
7841,78
7842,94
7843,148
7844,82
7845,144
7846,84
7847,132
7848,132
7849,154
7850,68
7851,149
7852,72
7853,159
7854,151
7855,152
7856,136
7857,165
7858,162
7859,161
7860,140
7861,98
7862,159
7863,85
7864,98
7865,172
7866,165
7867,136
7868,87
7869,147
7870,168
7871,153
7872,75
7873,171
7874,83
7875,156
7876,83
7877,76
7878,149
7879,159
7880,148
7881,71
7882,152
7883,162
7884,151
7885,147
7886,165
7887,154
7888,156
7889,98
7890,141
7891,155
7892,86
7893,64
7894,64
7895,175
7896,124
7897,74
7898,77
7899,171
7900,153
7901,153
7902,162
7903,88
7904,77
7905,129
7906,143
7907,162
7908,118
7909,71
7910,154
7911,78
7912,73
7913,169
7914,127
7915,63
7916,92
7917,152
7918,81
7919,72
7920,173
7921,143
7922,143
7923,154
7924,146
7925,158
7926,154
7927,71
7928,146
7929,172
7930,143
7931,162
7932,162
7933,135
7934,76
7935,148
7936,164
7937,83
7938,155
7939,145
7940,170
7941,75
7942,72
7943,152
7944,154
7945,74
7946,153
7947,169
7948,97
7949,159
7950,144
7951,159
7952,162
7953,161
7954,160
7955,133
7956,85
7957,165
7958,82
7959,162
7960,129
7961,158
7962,129
7963,132
7964,78
7965,89
7966,154
7967,72
7968,165
7969,68
7970,136
7971,90
7972,78
7973,82
7974,154
7975,132
7976,155
7977,126
7978,168
7979,144
7980,64
7981,82
7982,136
7983,170
7984,138
7985,85
7986,150
7987,86
7988,163
7989,162
7990,154
7991,93
7992,165
7993,143
7994,160
7995,142
7996,157
7997,85
7998,136
7999,161
8000,162
8001,162
8002,136
8003,160
8004,160
8005,158
8006,152
8007,150
8008,75
8009,171
8010,128
8011,85
8012,82
8013,126
8014,162
8015,150
8016,141
8017,80
8018,151
8019,139
8020,96
8021,62
8022,149
8023,165
8024,132
8025,157
8026,169
8027,86
8028,137
8029,64
8030,152
8031,69
8032,150
8033,151
8034,155
8035,153
8036,77
8037,153
8038,156
8039,151
8040,81
8041,143
8042,145
8043,166
8044,128
8045,89
8046,168
8047,153
8048,152
8049,146
8050,140
8051,152
8052,146
8053,124
8054,85
8055,164
8056,72
8057,96
8058,78
8059,159
8060,167
8061,161
8062,87
8063,151
8064,85
8065,145
8066,161
8067,141
8068,85
8069,163
8070,141
8071,170
8072,167
8073,136
8074,73
8075,153
8076,149
8077,151
8078,159
8079,147
8080,172
8081,161
8082,127
8083,161
8084,168
8085,141
8086,116
8087,96
8088,161
8089,171
8090,156
8091,160
8092,172
8093,161
8094,126
8095,87
8096,155
8097,76
8098,168
8099,141
8100,150
8101,157
8102,146
8103,160
8104,150
8105,62
8106,156
8107,143
8108,83
8109,148
8110,137
8111,154
8112,161
8113,157
8114,143
8115,159
8116,134
8117,134
8118,97
8119,161
8120,74
8121,163
8122,137
8123,147
8124,147
8125,159
8126,100
8127,151
8128,154
8129,143
8130,146
8131,145
8132,162
8133,146
8134,61
8135,158
8136,86
8137,153
8138,72
8139,161
8140,152
8141,173
8142,150
8143,87
8144,85
8145,84
8146,154
8147,82
8148,166
8149,138
8150,145
8151,163
8152,165
8153,120
8154,88
8155,157
8156,73
8157,87
8158,85
8159,93
8160,161
8161,144
8162,78
8163,97
8164,97
8165,80
8166,172
8167,135
8168,137
8169,145
8170,152
8171,146
8172,171
8173,75
8174,163
8175,160
8176,78
8177,152
8178,137
8179,163
8180,91
8181,84
8182,87
8183,159
8184,172
8185,98
8186,148
8187,153
8188,162
8189,75
8190,164
8191,164
8192,159
8193,162
8194,139
8195,139
8196,99
8197,76
8198,151
8199,162
8200,175
8201,139
8202,151
8203,139
8204,69
8205,154
8206,154
8207,145
8208,149
8209,137
8210,141
8211,148
8212,148
8213,163
8214,162
8215,151
8216,141
8217,154
8218,85
8219,161
8220,149
8221,72
8222,88
8223,152
8224,135
8225,137
8226,86
8227,89
8228,72
8229,134
8230,143
8231,87
8232,166
8233,158
8234,165
8235,143
8236,145
8237,152
8238,161
8239,137
8240,166
8241,153
8242,158
8243,161
8244,175
8245,155
8246,93
8247,135
8248,161
8249,97
8250,152
8251,162
8252,144
8253,80
8254,153
8255,161
8256,141
8257,174
8258,147
8259,161
8260,159
8261,154
8262,88
8263,98
8264,95
8265,136
8266,137
8267,77
8268,163
8269,144
8270,144
8271,75
8272,137
8273,93
8274,145
8275,160
8276,154
8277,127
8278,77
8279,85
8280,165
8281,91
8282,136
8283,136
8284,84
8285,127
8286,70
8287,148
8288,84
8289,150
8290,152
8291,148
8292,148
8293,159
8294,161
8295,162
8296,136
8297,170
8298,150
8299,165
8300,129
8301,82
8302,72
8303,174
8304,161
8305,82
8306,155
8307,77
8308,83
8309,135
8310,160
8311,92
8312,151
8313,151
8314,66
8315,133
8316,84
8317,152
8318,138
8319,164
8320,147
8321,141
8322,169
8323,153
8324,142
8325,143
8326,176
8327,161
8328,151
8329,149
8330,56
8331,145
8332,144
8333,87
8334,158
8335,136
8336,163
8337,145
8338,145
8339,53
8340,160
8341,137
8342,143
8343,140
8344,80
8345,144
8346,172
8347,134
8348,119
8349,148
8350,81
8351,165
8352,78
8353,150
8354,164
8355,161
8356,82
8357,161
8358,161
8359,55
8360,152
8361,149
8362,157
8363,76
8364,85
8365,135
8366,134
8367,80
8368,134
8369,134
8370,136
8371,151
8372,155
8373,170
8374,87
8375,165
8376,143
8377,134
8378,144
8379,161
8380,137
8381,136
8382,170
8383,135
8384,159
8385,143
8386,143
8387,160
8388,160
8389,69
8390,133
8391,140
8392,148
8393,157
8394,144
8395,157
8396,93
8397,161
8398,159
8399,151
8400,151
8401,169
8402,164
8403,153
8404,153
8405,86
8406,148
8407,75
8408,157
8409,157
8410,159
8411,150
8412,143
8413,142
8414,147
8415,94
8416,151
8417,136
8418,176
8419,144
8420,160
8421,156
8422,136
8423,172
8424,166
8425,83
8426,96
8427,144
8428,163
8429,92
8430,126
8431,143
8432,86
8433,154
8434,135
8435,124
8436,96
8437,160
8438,76
8439,81
8440,155
8441,65
8442,151
8443,168
8444,144
8445,144
8446,158
8447,136
8448,175
8449,163
8450,162
8451,156
8452,81
8453,169
8454,143
8455,168
8456,152
8457,82
8458,151
8459,159
8460,156
8461,159
8462,151
8463,82
8464,69
8465,170
8466,157
8467,155
8468,142
8469,158
8470,139
8471,144
8472,168
8473,165
8474,87
8475,89
8476,141
8477,165
8478,138
8479,151
8480,96
8481,84
8482,91
8483,123
8484,138
8485,170
8486,73
8487,151
8488,143
8489,145
8490,151
8491,82
8492,152
8493,145
8494,66
8495,89
8496,88
8497,84
8498,155
8499,73
8500,131
8501,122
8502,72
8503,160
8504,127
8505,135
8506,137
8507,160
8508,137
8509,125
8510,127
8511,81
8512,86
8513,136
8514,135
8515,165
8516,170
8517,83
8518,142
8519,95
8520,160
8521,168
8522,156
8523,93
8524,140
8525,170
8526,158
8527,58
8528,75
8529,166
8530,139
8531,155
8532,161
8533,161
8534,160
8535,159
8536,162
8537,73
8538,74
8539,169
8540,153
8541,160
8542,153
8543,144
8544,87
8545,163
8546,129
8547,160
8548,160
8549,68
8550,163
8551,64
8552,80
8553,151
8554,68
8555,143
8556,148
8557,153
8558,163
8559,148
8560,143
8561,154
8562,84
8563,153
8564,150
8565,62
8566,126
8567,145
8568,144
8569,73
8570,145
8571,84
8572,144
8573,77
8574,149
8575,98
8576,134
8577,87
8578,152
8579,143
8580,142
8581,146
8582,157
8583,152
8584,171
8585,159
8586,141
8587,138
8588,86
8589,153
8590,174
8591,97
8592,153
8593,147
8594,153
8595,152
8596,146
8597,145
8598,135
8599,171
8600,149
8601,160
8602,170
8603,119
8604,161
8605,162
8606,126
8607,83
8608,126
8609,83
8610,163
8611,144
8612,88
8613,175
8614,168
8615,163
8616,144
8617,159
8618,142
8619,147
8620,131
8621,66
8622,172
8623,72
8624,133
8625,163
8626,62
8627,162
8628,87
8629,160
8630,160
8631,163
8632,87
8633,155
8634,144
8635,139
8636,82
8637,116
8638,127
8639,152
8640,79
8641,155
8642,156
8643,152
8644,151
8645,132
8646,153
8647,75
8648,75
8649,153
8650,139
8651,134
8652,154
8653,170
8654,87
8655,138
8656,118
8657,136
8658,136
8659,138
8660,163
8661,163
8662,153
8663,79
8664,146
8665,91
8666,87
8667,87
8668,87
8669,120
8670,146
8671,71
8672,96
8673,137
8674,75
8675,147
8676,147
8677,159
8678,84
8679,152
8680,80
8681,159
8682,140
8683,119
8684,148
8685,136
8686,84
8687,143
8688,150
8689,147
8690,164
8691,145
8692,163
8693,133
8694,132
8695,147
8696,135
8697,150
8698,137
8699,67
8700,144
8701,159
8702,137
8703,160
8704,160
8705,160
8706,80
8707,175
8708,165
8709,159
8710,134
8711,133
8712,74
8713,84
8714,171
8715,165
8716,86
8717,168
8718,92
8719,98
8720,145
8721,167
8722,82
8723,154
8724,145
8725,136
8726,164
8727,85
8728,87
8729,85
8730,164
8731,145
8732,80
8733,135
8734,154
8735,152
8736,162
8737,155
8738,91
8739,162
8740,123
8741,153
8742,153
8743,143
8744,145
8745,152
8746,151
8747,152
8748,149
8749,89
8750,144
8751,163
8752,126
8753,145
8754,160
8755,135
8756,85
8757,153
8758,144
8759,170
8760,139
8761,146
8762,158
8763,145
8764,94
8765,82
8766,157
8767,152
8768,154
8769,163
8770,152
8771,86
8772,162
8773,156
8774,131
8775,152
8776,83
8777,142
8778,142
8779,161
8780,139
8781,149
8782,155
8783,147
8784,143
8785,152
8786,153
8787,96
8788,78
8789,136
8790,148
8791,164
8792,152
8793,142
8794,153
8795,153
8796,161
8797,136
8798,146
8799,90
8800,161
8801,163
8802,141
8803,137
8804,150
8805,158
8806,158
8807,144
8808,96
8809,172
8810,93
8811,164
8812,85
8813,87
8814,136
8815,156
8816,77
8817,141
8818,161
8819,154
8820,99
8821,156
8822,146
8823,170
8824,64
8825,160
8826,135
8827,76
8828,164
8829,163
8830,165
8831,148
8832,162
8833,87
8834,145
8835,143
8836,150
8837,158
8838,86
8839,148
8840,168
8841,90
8842,88
8843,142
8844,127
8845,93
8846,67
8847,157
8848,98
8849,160
8850,88
8851,141
8852,151
8853,83
8854,91
8855,153
8856,174
8857,95
8858,141
8859,66
8860,88
8861,144
8862,152
8863,74
8864,72
8865,154
8866,133
8867,148
8868,149
8869,152
8870,172
8871,172
8872,82
8873,135
8874,145
8875,76
8876,159
8877,141
8878,75
8879,144
8880,96
8881,136
8882,127
8883,87
8884,148
8885,145
8886,145
8887,80
8888,137
8889,154
8890,153
8891,155
8892,155
8893,172
8894,77
8895,165
8896,163
8897,160
8898,157
8899,165
8900,166
8901,91
8902,146
8903,86
8904,155
8905,129
8906,73
8907,129
8908,137
8909,164
8910,154
8911,154
8912,162
8913,160
8914,139
8915,148
8916,147
8917,76
8918,137
8919,173
8920,150
8921,81
8922,90
8923,80
8924,90
8925,157
8926,147
8927,135
8928,70
8929,160
8930,156
8931,158
8932,87
8933,146
8934,85
8935,88
8936,78
8937,69
8938,72
8939,159
8940,164
8941,146
8942,87
8943,136
8944,153
8945,170
8946,151
8947,161
8948,168
8949,162
8950,158
8951,162
8952,138
8953,85
8954,150
8955,173
8956,155
8957,127
8958,155
8959,92
8960,135
8961,137
8962,135
8963,150
8964,162
8965,151
8966,125
8967,160
8968,158
8969,158
8970,153
8971,136
8972,167
8973,155
8974,156
8975,151
8976,59
8977,152
8978,88
8979,86
8980,144
8981,132
8982,94
8983,163
8984,87
8985,162
8986,159
8987,85
8988,162
8989,73
8990,131
8991,157
8992,162
8993,160
8994,153
8995,140
8996,86
8997,153
8998,153
8999,171
9000,152
9001,76
9002,87
9003,143
9004,89
9005,136
9006,136
9007,136
9008,158
9009,86
9010,159
9011,135
9012,94
9013,135
9014,86
9015,144
9016,156
9017,82
9018,87
9019,51
9020,170
9021,155
9022,94
9023,150
9024,161
9025,163
9026,128
9027,146
9028,70
9029,156
9030,97
9031,115
9032,79
9033,154
9034,162
9035,140
9036,162
9037,86
9038,149
9039,163
9040,49
9041,172
9042,95
9043,145
9044,139
9045,88
9046,155
9047,76
9048,87
9049,139
9050,164
9051,137
9052,151
9053,136
9054,72
9055,133
9056,84
9057,167
9058,135
9059,151
9060,82
9061,162
9062,166
9063,153
9064,137
9065,173
9066,66
9067,153
9068,92
9069,133
9070,148
9071,167
9072,84
9073,81
9074,148
9075,167
9076,74
9077,82
9078,152
9079,157
9080,82
9081,157
9082,82
9083,148
9084,74
9085,149
9086,169
9087,138
9088,137
9089,139
9090,145
9091,146
9092,158
9093,155
9094,134
9095,154
9096,161
9097,94
9098,98
9099,151
9100,151
9101,158
9102,170
9103,137
9104,167
9105,93
9106,79
9107,162
9108,74
9109,134
9110,85
9111,88
9112,75
9113,164
9114,88
9115,89
9116,162
9117,147
9118,126
9119,146
9120,85
9121,74
9122,73
9123,146
9124,144
9125,132
9126,160
9127,172
9128,174
9129,129
9130,140
9131,158
9132,146
9133,136
9134,162
9135,153
9136,170
9137,156
9138,156
9139,163
9140,143
9141,143
9142,86
9143,86
9144,86
9145,78
9146,163
9147,166
9148,171
9149,161
9150,85
9151,147
9152,144
9153,136
9154,65
9155,76
9156,166
9157,156
9158,142
9159,151
9160,160
9161,167
9162,173
9163,66
9164,146
9165,146
9166,130
9167,165
9168,134
9169,147
9170,154
9171,147
9172,165
9173,156
9174,174
9175,173
9176,76
9177,171
9178,168
9179,161
9180,170
9181,170
9182,74
9183,170
9184,148
9185,157
9186,154
9187,88
9188,144
9189,163
9190,169
9191,168
9192,126
9193,152
9194,154
9195,151
9196,155
9197,158
9198,73
9199,143
9200,157
9201,133
9202,94
9203,94
9204,82
9205,95
9206,145
9207,146
9208,90
9209,175
9210,175
9211,155
9212,77
9213,90
9214,155
9215,149
9216,90
9217,97
9218,86
9219,66
9220,152
9221,139
9222,123
9223,86
9224,86
9225,83
9226,84
9227,83
9228,160
9229,139
9230,143
9231,82
9232,82
9233,137
9234,137
9235,137
9236,161
9237,144
9238,158
9239,154
9240,163
9241,87
9242,82
9243,77
9244,156
9245,159
9246,73
9247,161
9248,145
9249,143
9250,166
9251,145
9252,95
9253,142
9254,147
9255,144
9256,166
9257,78
9258,165
9259,72
9260,141
9261,154
9262,147
9263,154
9264,142
9265,142
9266,152
9267,86
9268,158
9269,149
9270,148
9271,155
9272,157
9273,149
9274,168
9275,152
9276,81
9277,154
9278,148
9279,146
9280,159
9281,157
9282,156
9283,152
9284,136
9285,169
9286,87
9287,152
9288,155
9289,151
9290,154
9291,91
9292,99
9293,99
9294,156
9295,98
9296,102
9297,88
9298,99
9299,145
9300,163
9301,93
9302,88
9303,80
9304,69
9305,142
9306,161
9307,161
9308,133
9309,155
9310,143
9311,143
9312,143
9313,153
9314,155
9315,90
9316,143
9317,153
9318,154
9319,127
9320,149
9321,161
9322,96
9323,134
9324,124
9325,151
9326,85
9327,146
9328,153
9329,136
9330,136
9331,136
9332,142
9333,164
9334,158
9335,165
9336,172
9337,85
9338,89
9339,160
9340,155
9341,156
9342,152
9343,120
9344,162
9345,154
9346,85
9347,154
9348,151
9349,165
9350,85
9351,85
9352,148
9353,84
9354,136
9355,89
9356,95
9357,151
9358,161
9359,144
9360,159
9361,161
9362,85
9363,94
9364,154
9365,143
9366,156
9367,84
9368,163
9369,152
9370,96
9371,152
9372,148
9373,158
9374,91
9375,73
9376,153
9377,123
9378,77
9379,128
9380,152
9381,151
9382,158
9383,149
9384,155
9385,162
9386,162
9387,162
9388,60
9389,171
9390,139
9391,67
9392,83
9393,144
9394,156
9395,150
9396,150
9397,161
9398,85
9399,146
9400,157
9401,85
9402,154
9403,155
9404,155
9405,169
9406,163
9407,162
9408,163
9409,90
9410,165
9411,160
9412,64
9413,73
9414,100
9415,155
9416,70
9417,157
9418,150
9419,149
9420,155
9421,155
9422,155
9423,73
9424,62
9425,154
9426,153
9427,85
9428,85
9429,83
9430,152
9431,83
9432,159
9433,83
9434,59
9435,59
9436,136
9437,78
9438,93
9439,138
9440,164
9441,154
9442,82
9443,147
9444,136
9445,153
9446,147
9447,142
9448,153
9449,76
9450,85
9451,149
9452,153
9453,159
9454,74
9455,146
9456,77
9457,145
9458,145
9459,159
9460,155
9461,79
9462,145
9463,136
9464,93
9465,162
9466,162
9467,63
9468,73
9469,73
9470,162
9471,151
9472,139
9473,153
9474,87
9475,171
9476,152
9477,91
9478,86
9479,94
9480,154
9481,164
9482,137
9483,143
9484,167
9485,87
9486,164
9487,163
9488,67
9489,157
9490,155
9491,146
9492,157
9493,159
9494,139
9495,146
9496,144
9497,173
9498,145
9499,78
9500,85
9501,151
9502,151
9503,160
9504,80
9505,147
9506,74
9507,154
9508,85
9509,146
9510,145
9511,158
9512,137
9513,147
9514,73
9515,158
9516,153
9517,135
9518,138
9519,167
9520,136
9521,151
9522,135
9523,135
9524,165
9525,161
9526,138
9527,82
9528,80
9529,91
9530,91
9531,91
9532,162
9533,87
9534,160
9535,96
9536,159
9537,86
9538,146
9539,149
9540,146
9541,137
9542,138
9543,149
9544,77
9545,77
9546,86
9547,135
9548,156
9549,156
9550,144
9551,87
9552,167
9553,133
9554,151
9555,135
9556,88
9557,160
9558,160
9559,141
9560,151
9561,155
9562,84
9563,95
9564,84
9565,84
9566,162
9567,163
9568,95
9569,87
9570,146
9571,87
9572,87
9573,87
9574,84
9575,169
9576,155
9577,87
9578,98
9579,75
9580,157
9581,129
9582,77
9583,150
9584,134
9585,87
9586,77
9587,157
9588,161
9589,150
9590,134
9591,157
9592,168
9593,152
9594,139
9595,119
9596,157
9597,164
9598,87
9599,152
9600,94
9601,87
9602,166
9603,99
9604,124
9605,154
9606,154
9607,154
9608,157
9609,157
9610,127
9611,171
9612,142
9613,154
9614,154
9615,135
9616,145
9617,158
9618,95
9619,99
9620,151
9621,78
9622,119
9623,171
9624,83
9625,169
9626,169
9627,155
9628,174
9629,135
9630,162
9631,144
9632,173
9633,85
9634,164
9635,153
9636,152
9637,75
9638,83
9639,83
9640,83
9641,68
9642,160
9643,160
9644,135
9645,141
9646,83
9647,83
9648,66
9649,76
9650,65
9651,168
9652,66
9653,88
9654,61
9655,141
9656,165
9657,160
9658,71
9659,170
9660,158
9661,158
9662,74
9663,158
9664,158
9665,82
9666,143
9667,161
9668,139
9669,165
9670,164
9671,94
9672,163
9673,146
9674,146
9675,146
9676,143
9677,152
9678,155
9679,62
9680,74
9681,80
9682,138
9683,99
9684,66
9685,68
9686,78
9687,67
9688,153
9689,151
9690,153
9691,151
9692,149
9693,171
9694,171
9695,152
9696,142
9697,142
9698,172
9699,154
9700,147
9701,143
9702,159
9703,151
9704,151
9705,142
9706,145
9707,145
9708,72
9709,153
9710,147
9711,145
9712,145
9713,145
9714,136
9715,162
9716,145
9717,135
9718,96
9719,157
9720,66
9721,156
9722,140
9723,164
9724,165
9725,163
9726,163
9727,163
9728,163
9729,155
9730,144
9731,160
9732,75
9733,150
9734,147
9735,164
9736,172
9737,135
9738,172
9739,144
9740,142
9741,143
9742,80
9743,144
9744,144
9745,172
9746,158
9747,85
9748,93
9749,75
9750,88
9751,88
9752,78
9753,78
9754,163
9755,118
9756,164
9757,163
9758,87
9759,88
9760,157
9761,132
9762,166
9763,139
9764,87
9765,87
9766,157
9767,145
9768,163
9769,137
9770,145
9771,87
9772,87
9773,147
9774,69
9775,85
9776,73
9777,68
9778,71
9779,87
9780,155
9781,155
9782,155
9783,155
9784,165
9785,155
9786,155
9787,145
9788,152
9789,160
9790,145
9791,152
9792,144
9793,86
9794,86
9795,86
9796,169
9797,75
9798,163
9799,148
9800,151
9801,86
9802,151
9803,153
9804,138
9805,168
9806,142
9807,161
9808,171
9809,89
9810,171
9811,145
9812,145
9813,160
9814,162
9815,164
9816,136
9817,158
9818,155
9819,154
9820,75
9821,146
9822,162
9823,146
9824,143
9825,134
9826,92
9827,92
9828,92
9829,153
9830,128
9831,153
9832,162
9833,173
9834,169
9835,161
9836,144
9837,136
9838,92
9839,79
9840,158
9841,159
9842,159
9843,152
9844,152
9845,155
9846,155
9847,155
9848,155
9849,155
9850,155
9851,128
9852,144
9853,147
9854,155
9855,155
9856,155
9857,155
9858,155
9859,155
9860,147
9861,157
9862,155
9863,157
9864,157
9865,147
9866,147
9867,147
9868,145
9869,145
9870,138
9871,144
9872,144
9873,157
9874,83
9875,84
9876,147
9877,147
9878,75
9879,85
9880,85
9881,155
9882,145
9883,155
9884,94
9885,74
9886,75
9887,75
9888,97
9889,75
9890,136
9891,156
9892,159
9893,137
9894,169
9895,156
9896,156
9897,172
9898,163
9899,163
9900,150
9901,164
9902,163
9903,163
9904,164
9905,95
9906,95
9907,136
9908,163
9909,163
9910,163
9911,76
9912,80
9913,136
9914,136
9915,137
9916,67
9917,137
9918,137
9919,67
9920,166
9921,155
9922,137
9923,161
9924,153
9925,153
9926,161
9927,155
9928,155
9929,155
9930,155
9931,148
9932,127
9933,143
9934,172
9935,146
9936,126
9937,98
9938,98
9939,99
9940,137
9941,137
9942,152
9943,158
9944,139
9945,147
9946,150
9947,135
9948,129
9949,155
9950,144
9951,164
9952,163
9953,70
9954,90
9955,155
9956,139
9957,151
9958,137
9959,169
9960,159
9961,128
9962,128
9963,139
9964,128
9965,150
9966,156
9967,153
9968,83
9969,149
9970,142
9971,84
9972,84
9973,127
9974,170
9975,82
9976,82
9977,82
9978,159
9979,168
9980,168
9981,159
9982,135
9983,147
9984,157
9985,171
9986,137
9987,161
9988,137
9989,153
9990,159
9991,149
9992,150
9993,162
9994,162
9995,76
9996,120
9997,137
9998,137
9999,137
